,Date,SP500-PE,SP500-Price,SP500-EPS,SP500-Index,EPS-GR,gdp,IPMAN,GS10,AMTMNO,CPIFABSL,LES1252881600Q,PCE,PPIACO,TTLCONS,SLRTTO01USQ657S,HousingSales,UnemploymentRate
0,1969-08-01,16.04,94.18,5.8715710723192025,100.0,,,,6.69,,38.4,,609.9,35.7,,,24900,3.5
1,1969-09-01,16.05,94.51,5.888473520249221,100.2878692554656,0.2878692554656004,,,7.16,,38.6,,613.2,35.8,,,26000,3.7
2,1969-10-01,16.32,95.52,5.852941176470588,99.68271020448951,-0.603421984601693,1038.147,,7.1,,38.7,,618.5,35.9,,1.12968594230978,24400,3.7
3,1969-11-01,16.54,96.21,5.816807738814994,99.06731379336642,-0.617355216226223,,,7.14,,39.1,,620.5,36.1,,,24900,3.5
4,1969-12-01,15.76,91.11,5.781091370558376,98.4590205816058,-0.6140200924690364,,,7.65,,39.5,,622.8,36.3,,,25100,3.5
5,1970-01-01,15.76,90.31,5.730329949238579,97.59449180907495,-0.8780594885303583,1051.2,,7.79,,39.6,,628.7,36.5,,-0.711919951634355,23600,3.9
6,1970-02-01,15.35,87.16,5.678175895765472,96.70624481639219,-0.9101404968842486,,,7.24,,39.8,,634.0,36.7,,,24100,4.2
7,1970-03-01,15.75,88.65,5.628571428571429,95.86142038042654,-0.8735986363338277,,,7.07,,39.8,,632.3,36.7,,,24100,4.4
8,1970-04-01,15.37,85.95,5.59206245933637,95.23962820955126,-0.6486365092523094,1067.375,,7.39,,39.9,,636.0,36.8,,0.497719502566689,24200,4.6
9,1970-05-01,13.69,76.06,5.555880204528854,94.62340038292929,-0.6470288032478511,,,7.91,,40.1,,642.4,36.8,,,25700,4.8
10,1970-06-01,13.69,75.59,5.52154857560263,94.03869096694221,-0.6179332106232005,,,7.84,,40.1,,646.3,36.9,,,23800,4.9
11,1970-07-01,13.85,75.72,5.467148014440434,93.11218321472133,-0.9852410137722756,1086.059,,7.46,,40.2,,648.5,37.1,,0.770783495316244,22900,5.0
12,1970-08-01,14.39,77.92,5.414871438498958,92.22184951531457,-0.9561946339004757,,,7.53,,40.2,,652.9,36.9,,,23500,5.1
13,1970-09-01,15.41,82.58,5.3588578844905905,91.2678705322033,-1.0344392225107857,,,7.39,,40.4,,659.1,37.1,,,22600,5.4
14,1970-10-01,15.97,84.37,5.283030682529743,89.9764410148408,-1.4149881111851004,1088.608,,7.33,,40.5,,658.3,37.1,,-0.985917898087871,22100,5.5
15,1970-11-01,16.19,84.28,5.205682520074119,88.65910768951886,-1.4640869437197002,,,6.84,,40.4,,656.6,37.1,,,23500,5.9
16,1970-12-01,17.55,90.05,5.131054131054131,87.3880954152774,-1.4335947060199472,,,6.39,,40.5,,665.6,37.1,,,22300,6.1
17,1971-01-01,18.12,93.49,5.159492273730684,87.87243158912737,0.5542358733742425,1135.156,,6.24,,40.5,,676.1,37.3,,3.53309244752175,23900,5.9
18,1971-02-01,18.71,97.11,5.190272581507215,88.39665768462064,0.5965762936257946,,,6.11,,40.5,,679.4,37.7,,,24500,5.9
19,1971-03-01,19.08,99.6,5.220125786163522,88.90509408585994,0.5751760468741596,,,5.7,,40.9,,682.0,37.8,,,24300,6.0
20,1971-04-01,19.61,103.0,5.252422233554309,89.45514188385127,0.6186909801367602,1156.271,,5.83,,41.1,,688.8,37.9,,1.57107414585887,25800,5.9
21,1971-05-01,19.22,101.6,5.286160249739854,90.0297413525454,0.6423325217461473,,,6.39,,41.3,,691.1,38.1,,,25500,5.9
22,1971-06-01,18.74,99.72,5.3212379935965854,90.62715801368574,0.663577004848781,,,6.52,,41.5,,699.8,38.2,,,26100,5.9
23,1971-07-01,18.48,99.0,5.357142857142857,91.23866152959377,0.6747464328691555,1177.675,,6.73,,41.6,,698.9,38.3,,1.30067153942182,25200,6.0
24,1971-08-01,18.03,97.24,5.393233499722684,91.8533290885027,0.6736919948234332,,,6.58,,41.6,,704.9,38.5,,,25300,6.1
25,1971-09-01,18.31,99.4,5.428727471327145,92.45783461466064,0.6581204319502598,,,6.14,,41.6,,713.0,38.3,,,25400,6.0
26,1971-10-01,17.62,97.29,5.521566401816118,94.0389945690492,1.7101416672566483,1190.297,,5.93,,41.7,,715.8,38.3,,2.59716840310181,25600,5.8
27,1971-11-01,16.54,92.78,5.6094316807738815,95.53544718582826,1.5913107361864354,,,5.81,,41.9,,720.9,38.3,,,25700,6.0
28,1971-12-01,17.4,99.17,5.6994252873563225,97.06814781184477,1.6043266359922148,,,5.93,,42.3,,728.4,38.6,,,25300,6.0
29,1972-01-01,18.01,103.3,5.735702387562465,97.685990971015,0.6365045311957918,1230.609,36.0856,5.95,,42.2,,731.5,38.8,,0.163868020725147,24700,5.8
30,1972-02-01,18.22,105.2,5.773874862788145,98.33611467309603,0.6655239872357166,,36.3699,6.08,,42.6,,736.2,39.2,,,26500,5.7
31,1972-03-01,18.54,107.7,5.80906148867314,98.93538572766741,0.6094109540157877,,36.6126,6.07,,42.6,,749.2,39.2,,,27400,5.8
32,1972-04-01,18.56,108.8,5.862068965517242,99.83816755881986,0.912496398040541,1266.369,37.0278,6.19,,42.6,,752.5,39.3,,2.71319130567349,26700,5.7
33,1972-05-01,18.2,107.7,5.917582417582418,100.78362919730512,0.9469941822882966,,37.0977,6.13,,42.7,,758.0,39.5,,,27000,5.7
34,1972-06-01,18.09,108.0,5.970149253731344,101.67890638123885,0.8883160797682921,,37.2049,6.11,,42.8,,761.6,39.7,,,26800,5.7
35,1972-07-01,17.79,107.2,6.025857223159079,102.62768088710088,0.933108487914569,1290.566,37.1972,6.11,,43.1,,769.9,40.0,,1.90582963672671,27700,5.6
36,1972-08-01,18.25,111.0,6.082191780821918,103.58712695305114,0.9348803925577576,,37.6906,6.21,,43.1,,776.3,40.1,,,28100,5.6
37,1972-09-01,17.82,109.4,6.139169472502806,104.55752637390634,0.9367953812398078,,37.9677,6.55,,43.5,,781.1,40.2,,,28000,5.5
38,1972-10-01,17.58,109.6,6.234357224118317,106.17868961016967,1.5504988425853794,1328.904,38.5217,6.48,,43.7,,794.9,40.1,,3.15773720814598,28900,5.6
39,1972-11-01,18.19,115.1,6.3276525563496415,107.7676226415887,1.4964707487469697,,39.0233,6.28,,43.9,,800.5,40.3,,,29100,5.3
40,1972-12-01,18.3,117.5,6.420765027322404,109.35344132326541,1.4715168088571318,,39.5934,6.36,,44.1,,806.1,41.1,,,29700,5.2
41,1973-01-01,18.09,118.4,6.545052515201769,111.47020847720998,1.9357115133552094,1377.49,39.888,6.46,,44.8,,816.5,41.6,,3.12738433808085,29900,4.9
42,1973-02-01,17.11,114.2,6.674459380479252,113.6741648575995,1.977170771004788,,40.5253,6.64,,45.5,,825.8,42.4,,,29700,5.0
43,1973-03-01,16.53,112.4,6.799758015728978,115.80815308164452,1.8772851568500837,,40.6055,6.71,,46.5,,832.8,43.4,,,31400,4.9
44,1973-04-01,15.89,110.3,6.9414726242920075,118.22172530648099,2.084112526287263,1413.887,40.5511,6.67,,47.2,,835.7,43.6,,-1.50186859716426,32800,5.0
45,1973-05-01,15.13,107.2,7.085261070720422,120.67061751365,2.0714400849932035,,40.8108,6.85,,47.8,,841.6,44.5,,,32000,4.9
46,1973-06-01,14.5,104.8,7.227586206896552,123.09458776663908,2.0087493566649517,,40.8257,6.9,,48.3,,844.3,45.5,,,33100,4.9
47,1973-07-01,14.33,105.8,7.383112351709699,125.74338725995283,2.15184074407504,1433.838,41.0082,7.13,,48.4,,854.1,44.9,,-0.680495517015727,34200,4.8
48,1973-08-01,13.77,103.8,7.538126361655774,128.38346447330494,2.099575389912345,,40.8993,7.4,,50.9,,853.3,47.5,,,33200,4.8
49,1973-09-01,13.73,105.6,7.691187181354697,130.99027648006935,2.030488908722705,,41.2452,7.09,,50.9,,869.2,46.7,,,33200,4.8
50,1973-10-01,13.99,109.8,7.848463187991422,133.6688782495035,2.0448859575021183,1476.289,41.6391,6.79,,51.2,,868.2,46.3,,-1.28978195525013,33300,4.6
51,1973-11-01,12.74,102.0,8.006279434850864,136.356680967305,2.0107917063420633,,41.9302,6.73,,51.8,,876.9,46.5,,,34000,4.8
52,1973-12-01,11.62,94.78,8.156626506024097,138.91727453453652,1.877864398771556,,41.942,6.74,,52.3,,876.6,47.4,,,35700,4.9
53,1974-01-01,11.68,96.11,8.22859589041096,140.1430007243489,0.8823425264563811,1491.209,41.5782,6.99,,52.9,,884.5,49.0,,-2.29032524980775,34200,5.1
54,1974-02-01,11.27,93.45,8.29192546583851,141.2215804545017,0.7696279689874075,,41.4109,6.96,,54.0,,889.7,50.0,,,34900,5.2
55,1974-03-01,11.66,97.44,8.356775300171526,142.32605204369426,0.7820841443906712,,41.3949,7.21,,54.5,,901.4,50.6,,,36000,5.1
56,1974-04-01,10.89,92.46,8.490358126721762,144.60113012594718,1.5984972881524673,1530.056,41.2343,7.51,,54.4,,910.8,51.0,,0.697460426103969,35700,5.1
57,1974-05-01,10.41,89.67,8.613832853025936,146.70405496128268,1.4542934992996415,,41.5027,7.58,,54.8,,922.4,51.8,,,35700,5.1
58,1974-06-01,10.27,89.79,8.742940603700099,148.9029170560093,1.4988420703892391,,41.5264,7.54,,54.9,,928.0,52.0,,,35100,5.4
59,1974-07-01,8.95,79.31,8.861452513966482,150.92131909537306,1.3555154454123475,1560.026,41.5095,7.81,,54.8,,937.9,54.0,,0.41700383197811,36800,5.5
60,1974-08-01,8.46,76.03,8.986997635933806,153.05950528814847,1.4167555687902622,,41.1198,8.04,,55.5,,954.8,55.9,,,35700,5.5
61,1974-09-01,7.48,68.12,9.106951871657754,155.10247188510337,1.3347531687815328,,41.1793,8.04,,56.6,,955.1,55.9,,,36200,5.9
62,1974-10-01,7.68,69.44,9.041666666666666,153.9905854038366,-0.7168721863378469,1599.679,40.8682,7.9,,57.2,,959.2,56.9,,-5.3602919841609,37200,6.0
63,1974-11-01,8.0,71.74,8.9675,152.72743682310468,-0.8202764976958488,,39.6248,7.68,,57.9,,956.2,57.4,,,37300,6.6
64,1974-12-01,7.54,67.07,8.89522546419098,151.496513533259,-0.805960811921036,,37.7976,7.43,,58.6,,961.8,57.3,,,37400,7.2
65,1975-01-01,8.3,72.56,8.742168674698794,148.88977016581933,-1.7206622823484174,1616.116,37.0086,7.5,,58.8,,975.6,57.4,,0.505058282013877,37200,8.1
66,1975-02-01,9.32,80.1,8.594420600858369,146.3734406856745,-1.6900620353852425,,35.9633,7.39,,59.0,,989.4,57.2,,,37900,8.1
67,1975-03-01,9.91,83.78,8.454086781029263,143.98338497314649,-1.6328479410827268,,35.4655,7.73,,58.9,,990.6,56.9,,,38800,8.6
68,1975-04-01,10.22,84.72,8.289628180039138,141.18245488195768,-1.9453147956697725,1651.853,35.4631,8.23,,58.8,,995.0,57.5,,2.15760985887225,39200,8.8
69,1975-05-01,11.09,90.1,8.124436429215509,138.3690383569938,-1.992752234912054,,35.3924,8.06,,59.0,,1018.9,57.9,,,39500,9.0
70,1975-06-01,11.61,92.4,7.9586563307493545,135.54560155576516,-2.0405119777909597,,35.6964,7.86,,59.6,,1026.8,58.0,,,37900,8.8
71,1975-07-01,11.72,92.49,7.891638225255972,134.40420167031832,-0.8420781436993208,1709.82,36.2085,8.06,,60.6,,1039.8,58.7,,1.76475989803566,38600,8.6
72,1975-08-01,10.95,85.71,7.8273972602739725,133.31009986705723,-0.8140383928954775,,36.5947,8.4,,60.7,,1047.0,59.0,,,38200,8.4
73,1975-09-01,10.91,84.67,7.76076993583868,132.17535545853943,-0.8512066299923626,,37.2364,8.43,,61.0,,1054.8,59.4,,,39700,8.4
74,1975-10-01,11.32,88.57,7.824204946996466,133.2557308874743,0.8173803847070227,1761.831,37.434,8.14,,61.6,,1060.9,59.8,,0.126686433965556,40700,8.4
75,1975-11-01,11.41,90.07,7.893952673093777,134.4436195332599,0.8914353160455635,,37.5107,8.05,,62.0,,1075.8,59.5,,,41100,8.3
76,1975-12-01,11.14,88.7,7.96229802513465,135.60762404242914,0.8657937901480617,,38.0449,8.0,,62.3,,1092.1,59.7,,,42100,8.2
77,1976-01-01,11.82,96.86,8.194585448392555,139.56376151222824,2.917341482630298,1820.487,38.5249,7.74,,62.2,,1107.1,59.9,,2.23889347065771,41600,7.9
78,1976-02-01,11.94,100.6,8.425460636515913,143.4958468992517,2.8174114429259767,,39.1241,7.79,,61.6,,1107.7,59.9,,,42700,7.7
79,1976-03-01,11.67,101.1,8.663239074550129,147.54550303226168,2.8221416999289595,,39.2461,7.73,,61.3,,1114.9,60.0,,,43600,7.6
80,1976-04-01,11.51,101.9,8.853171155516943,150.78027748406427,2.1923910829700466,1852.332,39.4607,7.56,,61.3,,1125.4,60.6,,1.45781081336651,43300,7.7
81,1976-05-01,11.18,101.2,9.051878354203936,154.16450286837028,2.2444748350218813,,39.6546,7.9,,61.6,,1122.7,60.8,,,43600,7.4
82,1976-06-01,11.01,101.8,9.24613987284287,157.47301291187048,2.1460906901020538,,39.6982,7.86,,61.7,,1140.5,61.2,,,46100,7.6
83,1976-07-01,11.14,104.2,9.353680430879713,159.3045594726169,1.1630859960566342,1886.558,39.9823,7.83,,62.0,,1149.6,61.6,,-0.134851766601525,44600,7.8
84,1976-08-01,10.93,103.3,9.451052150045745,160.9629183337585,1.0409989937712139,,40.2314,7.77,,62.2,,1158.0,61.4,,,44200,7.8
85,1976-09-01,11.05,105.5,9.547511312217194,162.60573523886578,1.0206182405943176,,40.3114,7.59,,62.5,,1168.8,61.8,,,44700,7.6
86,1976-10-01,10.54,101.9,9.667931688804556,164.65664078193362,1.2612750343984347,1934.273,40.2677,7.41,,62.8,,1176.8,61.9,,1.12255495228986,45300,7.7
87,1976-11-01,10.34,101.2,9.787234042553193,166.68850503562666,1.2340007934353636,,40.8165,7.29,,62.8,,1189.0,62.0,,,45800,7.8
88,1976-12-01,10.57,104.7,9.905392620624408,168.70088939776545,1.2072724281189329,,41.2484,6.87,,62.9,,1211.5,62.5,,,45900,7.8
89,1977-01-01,10.41,103.8,9.971181556195965,169.82135502376647,0.6641729216727343,1988.648,41.1187,7.21,,63.1,,1215.0,62.8,,1.30347292314823,45500,7.5
90,1977-02-01,10.08,101.0,10.019841269841269,170.65008915720315,0.4880034865583971,,41.8867,7.39,,64.2,,1231.3,63.5,,,47400,7.6
91,1977-03-01,9.98,100.6,10.080160320641282,171.67739598968586,0.60199607135063,,42.4905,7.46,,64.5,,1238.3,64.1,,,46200,7.4
92,1977-04-01,9.72,99.05,10.190329218106996,173.5537063691189,1.0929280285365994,2055.909,42.9302,7.37,,65.2,,1247.3,64.9,,0.968334791364911,48700,7.2
93,1977-05-01,9.58,98.76,10.308977035490607,175.5744230720634,1.1643178041077284,,43.2782,7.46,,65.5,,1257.1,65.2,,,49300,7.0
94,1977-06-01,9.53,99.29,10.418677859391398,177.4427615891251,1.0641290937318582,,43.6554,7.28,,65.9,,1263.6,65.0,,,48700,7.2
95,1977-07-01,9.53,100.2,10.514165792235048,179.0690372769698,0.9165072011279918,2118.473,43.6594,7.33,,66.1,,1280.5,65.1,,0.051733959406244,48600,6.9
96,1977-08-01,9.21,97.75,10.613463626492942,180.76020022185898,0.9444195214348694,,43.9009,7.4,,66.4,,1285.7,65.0,,,49000,7.0
97,1977-09-01,8.99,96.23,10.704115684093438,182.30411506992857,0.854123223018477,,43.9072,7.34,,66.6,,1294.5,65.3,,,48500,6.8
98,1977-10-01,8.7,93.74,10.77471264367816,183.5064671953681,0.6595309847933661,2164.27,43.9961,7.52,,66.8,,1311.4,65.6,,1.46550961652122,51400,6.8
99,1977-11-01,8.71,94.28,10.824339839265212,184.35167872352304,0.46058950459499926,,44.1161,7.58,,67.4,,1327.0,65.8,,,51800,6.8
100,1977-12-01,8.62,93.82,10.883990719257541,185.36760579410802,0.5510809978077846,,44.5899,7.69,,67.5,,1336.0,66.2,,,52700,6.4
101,1978-01-01,8.28,90.25,10.899758454106282,185.63614950505917,0.1448708957537237,2202.76,43.9192,7.96,,68.1,,1329.5,66.8,,-0.86943490459933,52300,6.4
102,1978-02-01,8.16,88.98,10.904411764705882,185.71540104680648,0.042691868991351356,,44.0819,8.03,,68.8,,1355.1,67.5,,,53200,6.3
103,1978-03-01,8.13,88.82,10.924969249692495,186.06552003086387,0.1885244745906567,,44.8703,8.04,,69.6,,1377.5,68.1,,,53200,6.3
104,1978-04-01,8.41,92.71,11.023781212841854,187.74840799955757,0.904459874357455,2331.633,45.5733,8.15,,70.7,,1396.4,69.0,,3.72403893275103,53300,6.1
105,1978-05-01,8.75,97.41,11.132571428571428,189.6012377514182,0.9868684222691382,,45.8117,8.35,,71.7,,1412.0,69.5,,,55700,6.0
106,1978-06-01,8.7,97.66,11.22528735632184,191.180302819497,0.8328347888472365,,46.1505,8.46,,72.8,,1425.8,70.0,,,56700,5.9
107,1978-07-01,8.57,97.19,11.340723453908984,193.14632002622648,1.0283576172518405,2395.053,46.1084,8.64,,73.1,,1426.8,70.4,,-0.428397935761403,54800,6.2
108,1978-08-01,9.07,103.9,11.455347298787212,195.09850358095866,1.0107278018380628,,46.3688,8.41,,73.4,,1447.0,70.4,,,56100,5.9
109,1978-09-01,8.98,103.9,11.570155902004455,197.05383379502172,1.0022271714922093,,46.6253,8.42,,73.7,,1452.9,71.0,,,57300,6.0
110,1978-10-01,8.51,100.6,11.821386603995299,201.33259835218155,2.171368338669666,2476.949,46.9399,8.64,,74.3,,1466.9,71.8,,1.46489376741997,58300,5.8
111,1978-11-01,7.84,94.71,12.080357142857142,205.743181749234,2.190695115024144,,47.3857,8.81,,74.8,,1480.6,72.1,,,58700,5.9
112,1978-12-01,7.79,96.11,12.337612323491657,210.12455050839472,2.1295329069523694,,47.7254,9.01,,75.2,,1496.5,72.7,,,59900,6.0
113,1979-01-01,7.88,99.71,12.653553299492385,215.5054097726246,2.5607951337484947,2526.61,47.3727,9.1,,76.5,335.0,1502.4,73.8,,-0.321349349655364,60300,5.9
114,1979-02-01,7.57,98.23,12.976221928665787,221.0008491567203,2.5500238671009923,,47.5167,9.1,,77.7,,1517.8,74.9,,,61200,5.9
115,1979-03-01,7.53,100.1,13.293492695883133,226.40435638348418,2.4450164998832458,,47.7473,9.12,,78.4,,1531.2,75.8,,,60400,5.8
116,1979-04-01,7.55,102.1,13.52317880794702,230.31619035832466,1.7278086152258343,2591.247,46.9632,9.18,,78.9,335.0,1538.4,76.9,,-1.01673268407469,62600,5.8
117,1979-05-01,7.25,99.73,13.755862068965518,234.27906942684956,1.7206254854942982,,47.5953,9.25,,79.7,,1558.8,77.5,,,62800,5.6
118,1979-06-01,7.27,101.7,13.988995873452547,238.24962179887325,1.6947960318168587,,47.6561,8.91,,80.0,,1575.7,78.0,,,64200,5.7
119,1979-07-01,7.23,102.7,14.204702627939142,241.92337030382652,1.541974537972024,2667.565,47.6781,8.95,,80.4,330.0,1586.1,79.2,,-0.210492605833848,63800,5.7
120,1979-08-01,7.45,107.4,14.416107382550337,245.52385051614715,1.4882730047117265,,47.0565,9.03,,80.3,,1615.6,79.6,,,64000,6.0
121,1979-09-01,7.42,108.6,14.63611859838275,249.27090923556943,1.5261485642006356,,47.1273,9.33,,80.9,,1633.9,80.9,,,66000,5.9
122,1979-10-01,7.11,104.5,14.69760900140647,250.31816562174532,0.4201277996648267,2723.883,47.3641,10.3,,81.5,326.0,1641.6,82.1,,-0.918655583863932,62300,6.0
123,1979-11-01,7.01,103.7,14.793152639087019,251.94539003074513,0.6500624535011434,,47.19,10.65,,82.1,,1657.3,82.6,,,63900,5.9
124,1979-12-01,7.25,107.8,14.86896551724138,253.23657559625366,0.5124862833771227,,47.3456,10.39,,82.8,,1666.3,83.4,,,61500,6.0
125,1980-01-01,7.39,110.9,15.006765899864684,255.58348379043267,0.9267650964925433,2789.842,47.5693,10.8,,83.3,321.0,1697.3,85.2,,-2.21348280294348,62900,6.3
126,1980-02-01,7.61,115.3,15.151116951379763,258.04195784681605,0.9619064659120324,,47.5114,12.41,,83.4,,1701.4,86.9,,,64900,6.3
127,1980-03-01,6.85,104.7,15.284671532846717,260.31655488093156,0.8814834041314112,,47.1231,12.75,,84.1,,1708.2,87.5,,,62600,6.3
128,1980-04-01,6.79,103.0,15.169366715758468,258.35277354084286,-0.7543820411217816,2797.352,46.1501,11.47,,84.6,315.0,1695.2,87.8,,-5.32353969817104,63100,6.9
129,1980-05-01,7.15,107.7,15.062937062937063,256.5401470476858,-0.7016090705410982,,44.6972,10.18,,85.2,,1700.1,88.3,,,63100,7.5
130,1980-06-01,7.67,114.6,14.941329856584094,254.46902834955281,-0.8073273216562038,,43.9726,9.78,,85.7,,1718.8,88.7,,,64900,7.6
131,1980-07-01,8.07,119.8,14.845105328376704,252.83020754636047,-0.6440158214229386,2856.483,43.4656,10.25,,86.5,319.0,1747.1,90.3,,2.01552648984059,64000,7.8
132,1980-08-01,8.38,123.5,14.737470167064437,250.99704977671857,-0.7250548846327143,,43.7938,11.1,,87.9,,1763.8,91.5,,,63400,7.7
133,1980-09-01,8.64,126.5,14.641203703703702,249.35751476683728,-0.6532088768930855,,44.5709,11.51,,88.9,,1780.5,91.7,,,68300,7.5
134,1980-10-01,8.86,130.2,14.695259593679458,250.2781523493507,0.36920386513084047,2985.557,45.4058,11.75,,89.6,315.0,1817.1,92.8,,0.608899836574266,65600,7.5
135,1980-11-01,9.19,135.7,14.766050054406964,251.48380003470768,0.48172310448979516,,46.214,12.68,,90.6,,1826.8,93.2,,,66700,7.5
136,1980-12-01,9.01,133.5,14.81687014428413,252.3493280041595,0.34416847897653646,,46.4002,12.84,,91.2,,1851.7,93.8,,,67000,7.2
137,1981-01-01,9.02,133.0,14.745011086474502,251.12548081020495,-0.4849813564529848,3124.206,46.2204,12.57,,91.5,314.0,1870.0,95.2,,0.979626682132786,67600,7.5
138,1981-02-01,8.76,128.4,14.657534246575343,249.63564378325387,-0.5932639818724939,,45.9828,13.19,,92.0,,1884.2,96.1,,,66200,7.4
139,1981-03-01,9.14,133.2,14.573304157549233,248.2011028743785,-0.5746538784024424,,46.1268,13.12,,92.5,,1902.9,97.0,,,66700,7.4
140,1981-04-01,9.13,134.4,14.720700985761226,250.71145021406886,1.011416674067278,3162.532,46.3707,13.68,,92.6,311.0,1904.4,98.0,,-2.01342244171232,68700,7.2
141,1981-05-01,8.86,131.7,14.864559819413092,253.16154120130173,0.9772553208642343,,46.5818,14.1,,92.7,,1913.8,98.3,,,70800,7.5
142,1981-06-01,8.81,132.3,15.017026106696935,255.7582275975991,1.0257033449771136,,46.3602,13.47,,93.1,,1934.5,98.5,,,68800,7.5
143,1981-07-01,8.55,129.1,15.09941520467836,257.16141418883086,0.5486379087047188,3260.609,46.4651,14.28,,93.8,309.0,1942.1,99.0,,-0.603936833066936,69500,7.2
144,1981-08-01,8.54,129.6,15.175644028103045,258.45968380842305,0.5048461969644036,,46.4487,14.94,,94.3,,1966.6,99.0,,,72600,7.4
145,1981-09-01,7.75,118.3,15.264516129032257,259.9732838284958,0.5856232576662679,,46.2541,15.32,,94.7,,1965.5,98.8,,,65800,7.6
146,1981-10-01,7.83,119.8,15.300127713920817,260.57979245199607,0.2332965197686665,3280.818,45.797,15.15,,94.8,312.0,1963.9,98.9,,-2.77713445057316,69600,7.9
147,1981-11-01,8.02,122.9,15.32418952618454,260.9895943937142,0.15726543407759142,,45.1891,13.39,,95.0,,1970.6,98.8,,,71200,8.3
148,1981-12-01,8.06,123.8,15.359801488833746,261.59610945093783,0.2323905129753001,,44.4055,13.72,,95.2,,1988.8,98.8,,,68400,8.5
149,1982-01-01,7.73,117.3,15.174644243208279,258.44265625510803,-1.2054663972061896,3274.302,43.3192,14.59,,95.5,312.0,1997.1,99.7,,-0.303010355995704,66200,8.6
150,1982-02-01,7.64,114.5,14.986910994764399,255.24533059675193,-1.2371509040675188,,44.5513,14.43,,96.2,,2021.2,99.8,,,65700,8.9
151,1982-03-01,7.48,110.8,14.812834224598928,252.28059138093735,-1.161525348527681,,44.2051,13.86,,96.1,,2024.1,99.6,,,67200,9.0
152,1982-04-01,7.97,116.3,14.592220828105395,248.5232767921114,-1.4893395358949735,3331.972,43.8757,13.87,,96.3,314.0,2026.3,99.6,,-0.524048105983202,70200,9.3
153,1982-05-01,8.09,116.4,14.38813349814586,245.04742122558886,-1.3986036283555436,,43.7735,13.62,,97.1,,2044.5,99.8,,,69300,9.4
154,1982-06-01,7.74,109.7,14.17312661498708,241.3855923809649,-1.494334780716955,,43.7298,14.3,,98.0,,2048.1,100.0,,,69300,9.6
155,1982-07-01,7.83,109.4,13.971902937420179,237.95850829923512,-1.419755026771019,3366.322,43.6733,13.95,,98.1,311.0,2072.2,100.4,,-0.549939337424259,70900,9.8
156,1982-08-01,7.97,109.7,13.764115432873275,234.41963425704748,-1.4871811340057217,,43.2538,13.06,,97.9,,2080.1,100.3,,,70100,9.8
157,1982-09-01,9.03,122.4,13.55481727574751,230.8550319632513,-1.5206073949793564,,43.1493,12.34,,98.0,,2104.6,100.0,,,67800,10.1
158,1982-10-01,10.01,132.7,13.256743256743256,225.77846871752158,-2.1990264637323675,3402.561,42.6066,10.91,,98.1,313.0,2125.8,100.2,,2.65536257729895,69700,10.4
159,1982-11-01,10.67,138.1,12.942830365510778,220.4321502047068,-2.3679487876692606,,42.351,10.55,,98.2,,2149.3,100.3,,,73500,10.8
160,1982-12-01,11.03,139.4,12.638259292837716,215.2449342292599,-2.35320300175349,,42.198,10.54,,98.1,,2161.6,100.5,,,71700,10.8
161,1983-01-01,11.48,144.3,12.569686411149826,214.07705461333956,-0.5425816965691777,3473.413,43.2063,10.46,,98.0,315.0,2174.0,100.2,,0.858002426722804,73500,10.4
162,1983-02-01,11.75,146.8,12.493617021276597,212.78150034113037,-0.6051812860323413,,43.2041,10.72,,98.2,,2177.0,100.5,,,73800,10.4
163,1983-03-01,12.23,151.9,12.420278004905969,211.53244765204047,-0.5870118817131398,,43.6187,10.51,,98.8,,2202.8,100.4,,,72500,10.3
164,1983-04-01,12.64,157.7,12.476265822784809,212.4859883175497,0.4507774935208708,3578.848,44.1489,10.4,,99.2,314.0,2226.4,100.4,,2.88385506949909,74700,10.2
165,1983-05-01,13.09,164.1,12.536287242169594,213.50822612486758,0.48108480724393665,,44.703,10.38,,99.5,,2245.9,100.8,,,74500,10.1
166,1983-06-01,13.22,166.4,12.586989409984872,214.37174573811566,0.40444325210358123,,45.0676,10.85,,99.6,,2276.0,101.0,,,75800,10.1
167,1983-07-01,13.02,167.0,12.82642089093702,218.44955520347185,1.9022140493914819,3689.179,45.7459,11.38,,99.6,315.0,2304.4,101.3,,1.31728721364586,75200,9.4
168,1983-08-01,12.43,162.4,13.065164923572004,222.51565658748666,1.8613456915613558,,46.144,11.85,,99.6,,2320.4,101.8,,,76800,9.5
169,1983-09-01,12.57,167.2,13.30151153540175,226.54092697796136,1.8089829957165904,,47.032,11.65,,100.0,,2334.9,102.0,,,81000,9.2
170,1983-10-01,12.38,167.7,13.546042003231015,230.70557839437828,1.8383660171135574,3794.706,47.5157,11.54,,100.3,312.0,2357.6,102.2,,2.40498952576668,75900,8.8
171,1983-11-01,11.98,165.2,13.78964941569282,234.8545090546961,1.7983659906244176,,47.7541,11.69,,100.3,,2366.3,102.1,,,75900,8.5
172,1983-12-01,11.72,164.4,14.027303754266212,238.90205162288174,1.7234255303324675,,47.8977,11.83,,100.6,,2393.6,102.3,,,75900,8.3
173,1984-01-01,11.52,166.4,14.444444444444445,246.0064651612751,2.97377669640444,3908.054,48.7835,11.67,,101.9,313.0,2419.4,102.9,,1.37779085067006,76200,8.0
174,1984-02-01,10.59,157.3,14.85363550519358,252.9754868372319,2.8328611898017053,,49.3219,11.84,,102.5,,2403.5,103.2,,,79200,7.8
175,1984-03-01,10.31,157.4,15.266731328806983,260.01101137615626,2.7811092002962168,,49.5399,12.32,,102.8,,2431.6,103.9,,,78400,7.8
176,1984-04-01,10.12,157.6,15.57312252964427,265.22922634900624,2.0069207627906094,4009.601,49.7923,12.63,,102.8,312.0,2457.5,104.0,,1.30960503625487,79600,7.7
177,1984-05-01,9.86,156.6,15.882352941176471,270.4957965347957,1.9856673633920519,,49.9335,13.41,,102.6,,2474.5,104.1,,,81400,7.4
178,1984-06-01,9.45,153.1,16.201058201058203,275.92373491715176,2.006662747403487,,50.1659,13.56,,103.0,,2495.6,104.0,,,80500,7.2
179,1984-07-01,9.26,151.1,16.317494600431964,277.9067884804934,0.7186962600143953,4084.25,50.3687,13.36,,103.2,313.0,2494.6,104.2,,-1.18201303987762,80700,7.5
180,1984-08-01,10.0,164.4,16.44,279.99320450201736,0.7507610853739521,,50.4624,12.72,,103.8,,2512.2,103.8,,,82000,7.5
181,1984-09-01,10.03,166.1,16.560319042871388,282.0423842085974,0.7318676573685234,,50.2846,12.52,,103.7,,2533.8,103.4,,,81300,7.3
182,1984-10-01,9.94,164.8,16.579476861167002,282.3686651657663,0.11568507977424147,4148.551,50.5399,12.16,,103.9,316.0,2531.3,103.4,,1.51119333336841,80100,7.4
183,1984-11-01,10.01,166.3,16.613386613386616,282.9461895080923,0.2045284812275172,,50.677,11.57,,104.0,,2571.4,103.7,,,82500,7.2
184,1984-12-01,9.89,164.5,16.632962588473205,283.2795921842325,0.11783253795354387,,50.8267,11.5,,104.4,,2582.6,103.5,,,78300,7.3
185,1985-01-01,10.36,171.6,16.563706563706564,282.1000778104197,-0.4163781671380429,4230.168,50.6737,11.38,,104.5,314.0,2618.8,103.4,,1.07105168676458,82500,7.3
186,1985-02-01,10.98,180.9,16.475409836065573,280.59627709757035,-0.533073483893165,,50.4645,11.51,,105.0,,2640.8,103.3,,,82000,7.2
187,1985-03-01,10.95,179.4,16.38356164383562,279.0319906212819,-0.5574865399031959,,50.8501,11.86,,105.4,,2648.5,103.1,,,84200,7.2
188,1985-04-01,11.2,180.6,16.125,274.62837120407727,-1.578177257525104,4294.887,50.6841,11.43,,105.3,323.0,2659.5,103.3,,1.30931406381012,85600,7.3
189,1985-05-01,11.65,184.9,15.871244635193133,270.30660856710324,-1.5736766809728242,,50.7775,10.85,,105.1,,2696.4,103.5,,,80100,7.2
190,1985-06-01,12.1,188.9,15.611570247933885,265.884037775387,-1.6361312123148952,,50.7946,10.16,,105.4,,2689.4,103.3,,,86300,7.4
191,1985-07-01,12.43,192.5,15.486725663716815,263.757782592926,-0.799692678150643,4386.773,50.5746,10.31,,105.4,320.0,2715.7,103.2,,1.28958313714036,82100,7.4
192,1985-08-01,12.26,188.3,15.35889070146819,261.5805976338392,-0.8254486133768335,,50.8314,10.33,,105.5,,2752.1,102.7,,,83300,7.1
193,1985-09-01,12.09,184.1,15.227460711331679,259.34218497532396,-0.8557257987645506,,50.8941,10.37,,105.7,,2794.7,102.1,,,84700,7.1
194,1985-10-01,12.39,186.2,15.02824858757062,255.9493601026043,-1.3082425726622549,4444.094,50.7794,10.24,,105.9,320.0,2755.8,102.9,,-0.903227631873691,85400,7.1
195,1985-11-01,13.33,197.5,14.816204051012754,252.3379836252331,-1.4109730440128643,,51.1419,9.78,,106.5,,2771.1,103.4,,,87200,7.0
196,1985-12-01,14.19,207.3,14.608879492600424,248.80699411903885,-1.3993095512082832,,51.3224,9.26,,107.3,,2811.3,103.6,,,87900,7.0
197,1986-01-01,14.28,208.2,14.579831932773109,248.31227882956108,-0.19883496090188357,4507.894,51.9409,9.19,,107.5,321.0,2827.1,103.2,,0.579481867385068,86600,6.7
198,1986-02-01,15.08,219.4,14.549071618037136,247.78839323987643,-0.2109785275839049,,51.6698,8.7,,107.4,,2820.2,101.7,,,89700,7.2
199,1986-03-01,16.0,232.3,14.51875,247.2719791887874,-0.20840929808568776,,51.482,7.78,,107.6,,2823.6,100.3,,,88700,7.2
200,1986-04-01,16.32,238.0,14.583333333333334,248.37191194167198,0.44482709140478693,4545.34,51.6179,7.3,,107.8,328.0,2835.2,99.6,,1.35321749283246,92500,7.1
201,1986-05-01,16.28,238.5,14.649877149877149,249.50523410918396,0.45630045630045135,,51.6696,7.71,,108.2,,2857.5,100.0,,,92100,7.2
202,1986-06-01,16.68,245.3,14.706235011990408,250.46507707828215,0.38469853048379576,,51.4726,7.8,,108.3,,2861.7,99.9,,,91200,7.2
203,1986-07-01,16.28,240.2,14.754299754299753,251.2836781258951,0.3268324099958697,4607.669,51.744,7.3,,109.1,328.0,2881.2,99.4,,2.94820254806597,94100,7.0
204,1986-08-01,16.55,245.0,14.803625377643504,252.12375351178787,0.3343135503897976,,51.9034,7.17,,110.0,,2898.6,99.3,,,91500,6.9
205,1986-09-01,16.05,238.3,14.847352024922118,252.86847152235163,0.2953779642698162,,52.0594,7.45,,110.1,,2971.8,99.4,,,95000,7.0
206,1986-10-01,16.12,237.4,14.727047146401985,250.8195330519089,-0.8102783467260344,4657.627,52.2521,7.43,,110.4,331.0,2932.9,99.7,,0.312533334317702,96400,7.0
207,1986-11-01,16.78,245.1,14.606674612634087,248.7694423302726,-0.817356884725573,,52.4352,7.25,,111.0,,2928.4,99.8,,,94000,6.9
208,1986-12-01,17.17,248.6,14.478741991846242,246.59059412743014,-0.875850418939228,,52.9739,7.11,,111.3,,2997.1,99.7,,,95000,6.6
209,1987-01-01,18.01,264.5,14.686285397001665,250.12531085995616,1.4334353445368597,4722.156,52.7867,7.08,,111.9,328.0,2935.5,100.5,,-1.59078083732032,98500,6.6
210,1987-02-01,18.86,280.9,14.893955461293743,253.66218475170058,1.4140407780341535,,53.5672,7.25,,112.2,,3001.7,101.0,,,95200,6.6
211,1987-03-01,19.37,292.5,15.100671140939596,257.1828043116066,1.3879165959846285,,53.5742,7.25,,112.4,,3013.3,101.2,,,98400,6.6
212,1987-04-01,19.45,289.3,14.874035989717225,253.32293191236386,-1.5008283347614837,4806.16,53.8949,8.02,,112.6,328.0,3038.8,101.9,,2.20197046992328,96500,6.3
213,1987-05-01,19.74,289.1,14.645390070921987,249.42881369461526,-1.5372150434038612,,54.2745,8.61,,113.2,,3048.4,102.6,,,104900,6.3
214,1987-06-01,20.9,301.4,14.421052631578947,245.60807412457666,-1.531795590671603,,54.4821,8.4,,113.8,,3072.8,103.0,,,109000,6.2
215,1987-07-01,20.81,310.1,14.901489668428642,253.79050146697324,3.3314977007825597,4884.555,54.9168,8.45,,113.7,330.0,3094.7,103.5,,1.3113559305433,105000,6.1
216,1987-08-01,21.42,329.4,15.378151260504199,261.9086283908338,3.198751283809198,,55.2029,8.76,,113.9,,3130.8,103.8,,,106800,6.0
217,1987-09-01,20.09,318.7,15.863613738178199,270.1766451055195,3.156832505093221,,55.5814,9.42,,114.4,,3126.5,103.7,,,106500,5.9
218,1987-10-01,17.08,280.2,16.405152224824356,279.3997044873462,3.4137145267402857,5007.994,56.4697,9.52,,114.6,328.0,3134.5,104.1,,-0.870308584363988,106500,6.0
219,1987-11-01,14.45,245.0,16.955017301038062,288.7645758214594,3.3517828343076816,,56.7507,8.86,,114.7,,3144.2,104.2,,,117000,5.8
220,1987-12-01,13.77,241.0,17.501815541031227,298.07721520295274,3.2249937011841867,,57.1648,8.99,,115.2,,3174.1,104.2,,,111800,5.7
221,1988-01-01,14.02,250.5,17.867332382310984,304.3024117777322,2.088450997685576,5073.372,57.0335,8.67,,115.6,329.0,3213.7,104.6,,1.54466823299808,119000,5.7
222,1988-02-01,14.16,258.1,18.227401129943505,310.4348206883561,2.0152350665900043,,57.2317,8.21,,115.7,,3221.4,104.8,,,110900,5.7
223,1988-03-01,14.29,265.7,18.593421973407978,316.66860103362063,2.0080802570542122,,57.3964,8.37,,115.9,,3260.5,104.9,,,108900,5.7
224,1988-04-01,13.39,262.6,19.611650485436893,334.01027159312775,5.476283566764484,5190.036,57.9301,8.72,,116.5,325.0,3263.0,105.8,,0.518262859885776,111000,5.4
225,1988-05-01,12.41,256.1,20.63658340048348,351.4661262940699,5.226143081673196,,57.8111,9.09,,116.9,,3293.6,106.5,,,110000,5.6
226,1988-06-01,12.49,270.7,21.673338670936747,369.12333009325266,5.023870717034384,,57.9382,8.92,,117.6,,3318.5,107.2,,,111500,5.4
227,1988-07-01,12.22,269.1,22.02127659574468,375.04913633015997,1.6053729888626078,5282.835,57.9195,9.06,,118.8,325.0,3342.7,107.9,,-0.0426823899191338,118000,5.4
228,1988-08-01,11.78,263.7,22.38539898132428,381.25058362756573,1.6535026205063863,,58.02,9.26,,119.4,,3368.0,108.0,,,110000,5.6
229,1988-09-01,11.79,268.0,22.73112807463953,387.1387707764048,1.5444401665732466,,58.2081,8.98,,120.0,,3375.0,108.1,,,116600,5.4
230,1988-10-01,12.02,277.4,23.07820299500832,393.04987899759334,1.5268706384880648,5399.509,58.4369,8.8,,120.3,324.0,3413.7,108.2,,1.7789847413749,112900,5.4
231,1988-11-01,11.57,271.0,23.422644770959376,398.9161415652881,1.4924982505161166,,58.6715,8.96,,120.5,,3430.2,108.3,,,110400,5.3
232,1988-12-01,11.64,276.5,23.754295532646047,404.56455759571304,1.4159407057988016,,58.9316,9.11,,121.0,,3459.7,109.0,,,121000,5.3
233,1989-01-01,11.82,285.4,24.145516074450082,411.2275194671685,1.646946512332348,5511.253,59.4458,9.09,,121.5,323.0,3483.7,110.5,,-0.355864114437026,113000,5.4
234,1989-02-01,11.97,294.0,24.561403508771928,418.3105885333422,1.7224209788662348,,58.8424,9.17,,122.3,,3488.0,110.8,,,118000,5.2
235,1989-03-01,11.73,292.7,24.953111679454388,424.9818553179532,1.594811837778587,,58.7762,9.36,,123.1,,3498.8,111.5,,,123000,5.0
236,1989-04-01,12.07,302.3,25.045567522783763,426.55649083186614,0.37051829253624824,5612.463,58.8847,9.18,,123.7,322.0,3543.0,112.3,,0.635242561275651,116700,5.2
237,1989-05-01,12.49,313.9,25.132105684547636,428.03034102797204,0.34552286221962714,,58.4046,8.86,,124.6,,3551.8,113.2,,,119000,5.2
238,1989-06-01,12.84,323.7,25.210280373831775,429.36175111091706,0.31105507141093724,,58.5115,8.28,,124.9,,3566.6,112.9,,,122800,5.3
239,1989-07-01,13.43,331.9,24.71332836932241,420.89805377355225,-1.9712275989806072,5695.365,57.7941,8.02,,125.4,322.0,3585.7,112.8,,0.970568844940495,116000,5.2
240,1989-08-01,14.32,346.6,24.203910614525142,412.2220495402243,-2.0613077574351713,,58.3755,8.11,,125.7,,3620.6,112.0,,,122900,5.2
241,1989-09-01,14.66,347.3,23.69031377899045,403.4748704767539,-2.121958074107555,,58.2623,8.19,,126.1,,3621.9,112.4,,,120000,5.3
242,1989-10-01,14.84,347.4,23.409703504043126,398.6957360425268,-1.1844937030601188,5747.237,58.1012,8.01,,126.7,322.0,3633.6,112.8,,-1.00036151608988,123000,5.3
243,1989-11-01,14.7,340.2,23.142857142857142,394.1510178078451,-1.1398963730569922,,58.2235,7.87,,127.2,,3643.3,112.7,,,125000,5.4
244,1989-12-01,15.24,348.6,22.874015748031496,389.57232172268544,-1.1616603480120502,,58.2664,7.84,,127.7,,3684.2,113.0,,,125200,5.4
245,1990-01-01,15.13,339.97,22.4699272967614,382.69020369510815,-1.7665829022823432,5872.701,58.1907,8.21,,129.4,319.0,3730.7,114.9,,1.32655849843666,125000,5.4
246,1990-02-01,14.97,330.45,22.074148296593183,375.94960573089253,-1.7613719659220317,,59.0064,8.47,,130.5,,3728.2,114.4,,,126900,5.3
247,1990-03-01,15.62,338.46,21.668373879641486,369.0387736562427,-1.8382336274071487,,59.3297,8.59,,130.7,,3754.9,114.2,,,119400,5.2
248,1990-04-01,15.7,338.18,21.540127388535034,366.85457985995106,-0.5918602467301248,5960.028,59.127,8.79,,130.6,319.0,3770.0,114.1,,-1.35408104131065,130000,5.4
249,1990-05-01,16.37,350.25,21.395846059865608,364.39729326846924,-0.6698257910313976,,59.2784,8.76,,130.9,,3775.8,114.6,,,125000,5.4
250,1990-06-01,16.95,360.39,21.261946902654866,362.1168276901508,-0.625818473530293,,59.4813,8.48,,131.8,,3804.5,114.3,,,125000,5.2
251,1990-07-01,16.81,360.03,21.417608566329566,364.7679352345787,0.7321138764355695,6015.116,59.3302,8.47,,132.5,313.0,3821.7,114.5,,-0.343833186382749,118700,5.5
252,1990-08-01,15.33,330.75,21.575342465753426,367.45433547535026,0.7364683080063106,,59.5568,8.75,,132.9,,3848.3,116.5,,,118400,5.7
253,1990-09-01,14.51,315.41,21.737422467263958,370.2147551230769,0.7512279435091251,,59.4998,8.89,,133.3,,3870.1,118.4,,,113000,5.9
254,1990-10-01,14.21,307.12,21.61294862772695,368.09481417364645,-0.5726246509882293,6004.733,59.089,8.72,,133.8,312.0,3870.6,120.8,,-1.66830284378564,120000,5.9
255,1990-11-01,14.68,315.29,21.477520435967303,365.7883072764021,-0.6266067351213156,,58.3864,8.39,,134.2,,3871.9,120.1,,,118900,6.2
256,1990-12-01,15.41,328.75,21.333549643088904,363.3363094873073,-0.670332468348156,,57.9173,8.08,,134.3,,3861.3,118.7,,,127000,6.3
257,1991-01-01,15.35,325.49,21.20456026058632,361.1394633465752,-0.604631599806793,6035.178,57.5281,8.09,,135.2,316.0,3841.0,119.0,,-2.05005537370711,117900,6.4
258,1991-02-01,17.19,362.26,21.073880162885395,358.9138222687213,-0.6162829886353527,,57.1164,7.85,,135.7,,3866.7,117.2,,,119900,6.6
259,1991-03-01,17.78,372.28,20.93813273340832,356.60187836469464,-0.6441501442916442,,56.7293,8.11,,135.9,,3913.0,116.2,,,122500,6.8
260,1991-04-01,18.58,379.68,20.43487621097955,348.030807415706,-2.403540606205956,6126.862,56.9895,8.04,,136.6,312.0,3907.1,116.0,,1.17189231607952,121000,6.7
261,1991-05-01,18.98,377.99,19.915173867228663,339.1796441180163,-2.543212586096566,,57.3813,8.07,,137.1,,3933.2,116.5,,,116000,6.9
262,1991-06-01,19.49,378.29,19.409440738840434,330.56639355595723,-2.539436169424747,,57.9485,8.28,,137.8,,3940.5,116.4,,,119000,6.9
263,1991-07-01,20.14,380.23,18.879344587884805,321.53821107419014,-2.731125322404826,6205.937,58.2618,8.27,,137.2,312.0,3966.0,116.1,,-0.454806725306822,120000,6.8
264,1991-08-01,21.22,389.4,18.35061262959472,312.53326245349257,-2.800584288447072,,58.3109,7.9,,136.8,,3969.1,116.2,,,120800,6.9
265,1991-09-01,21.73,387.2,17.81868384721583,303.4738680286068,-2.898697679013884,,58.961,7.65,,137.0,,3984.7,116.1,,,120000,6.9
266,1991-10-01,22.49,386.88,17.202312138728324,292.97630782034645,-3.459131514833036,6264.54,58.8685,7.53,,136.9,313.0,3976.0,116.4,,-1.3598812094643,122600,7.0
267,1991-11-01,23.27,385.92,16.584443489471422,282.45325288927756,-3.591776758113041,,58.7682,7.42,,137.4,,4003.6,116.4,,,118500,7.0
268,1991-12-01,24.33,388.51,15.968351829017674,271.9604622397998,-3.71487690162694,,58.6438,7.09,,137.6,,4020.5,115.9,,,122000,7.3
269,1992-01-01,25.93,416.08,16.04627844195912,273.28764728076476,0.48800661317993654,6363.102,58.3307,7.03,,137.3,315.0,4084.7,115.6,,1.22389974586934,120000,7.3
270,1992-02-01,25.6,412.56,16.115624999999998,274.46870354640043,0.4321659897134955,,58.8926,7.34,223500.0,137.8,,4099.5,116.0,,,117200,7.4
271,1992-03-01,25.16,407.36,16.190779014308426,275.7486678588948,0.4663425359452633,,59.5003,7.54,233732.0,138.3,,4117.0,116.1,,,120000,7.4
272,1992-04-01,24.73,407.41,16.47432268499798,280.5777615920233,1.7512663871143808,6470.763,59.8441,7.48,238173.0,138.2,313.0,4131.5,116.3,,0.561962922672521,120000,7.4
273,1992-05-01,24.75,414.81,16.76,285.4431938840518,1.73407623769668,,60.1968,7.39,241916.0,138.1,,4158.4,117.2,,,113000,7.6
274,1992-06-01,23.95,408.27,17.046764091858037,290.3271353083488,1.7110029347138234,,60.3944,7.26,240660.0,138.4,,4177.1,118.0,,,124500,7.8
275,1992-07-01,23.88,415.05,17.38065326633166,296.0136742322784,1.95866601235537,6566.641,60.9707,6.84,238609.0,138.3,314.0,4204.8,117.9,,0.924589574268879,118000,7.7
276,1992-08-01,23.6,417.93,17.708898305084745,301.6040866569965,1.8885656006321305,,60.6883,6.59,235633.0,139.1,,4220.9,117.7,,,123500,7.6
277,1992-09-01,23.2,418.48,18.03793103448276,307.2079144118745,1.858007899359504,,60.7776,6.42,239052.0,139.7,,4255.3,118.0,,,119500,7.6
278,1992-10-01,22.43,412.5,18.390548372715113,313.2134167533982,1.9548657634750999,6680.803,61.1751,6.59,242803.0,139.7,312.0,4284.7,118.1,,0.942755312014454,125000,7.3
279,1992-11-01,22.56,422.84,18.74290780141844,319.2145265818133,1.9159810874704641,,61.4273,6.87,240286.0,139.6,,4300.5,117.8,,,128900,7.4
280,1992-12-01,22.82,435.64,19.090271691498685,325.1305563088117,1.8533084287698287,,61.3676,6.77,244173.0,139.6,,4336.4,117.6,,,126000,7.4
281,1993-01-01,22.5,435.23,19.343555555555557,329.4442887142823,1.3267692998296443,6729.459,61.9438,6.6,239924.0,140.0,315.0,4340.7,118.0,458080.0,0.533936233021798,118000,7.3
282,1993-02-01,22.55,441.7,19.587583148558757,333.6003755605037,1.2615446643319483,,62.0967,6.26,247176.0,140.4,,4355.3,118.4,462967.0,,129400,7.1
283,1993-03-01,22.69,450.16,19.839576906126048,337.8921358826309,1.2864974492058812,,61.9756,5.98,245506.0,140.4,,4352.5,118.7,458399.0,,125000,7.0
284,1993-04-01,22.53,443.08,19.66622281402574,334.9397047536344,-0.873779178460099,6808.939,62.3009,5.97,244703.0,140.8,317.0,4393.4,119.3,469425.0,1.64286424406583,127000,7.1
285,1993-05-01,22.83,445.25,19.502847130968025,332.1572180725495,-0.8307425610026065,,62.2327,6.04,245194.0,141.7,,4422.4,119.7,468998.0,,129900,7.1
286,1993-06-01,23.18,448.06,19.329594477998274,329.20651457537934,-0.8883454390341217,,62.1256,5.96,249521.0,141.4,,4440.0,119.5,480247.0,,124500,7.0
287,1993-07-01,22.72,447.29,19.68705985915493,335.29458498709397,1.8493165056491012,6882.098,62.2911,5.81,245765.0,141.4,319.0,4468.9,119.2,483571.0,1.3797962811646,123900,6.9
288,1993-08-01,22.65,454.13,20.049889624724063,341.474017392837,1.8429860434462375,,62.1896,5.68,246562.0,141.9,,4481.1,118.7,491494.0,,126600,6.8
289,1993-09-01,22.5,459.24,20.410666666666668,347.6184894174276,1.7993966485367663,,62.6277,5.36,245731.0,142.1,,4511.5,118.7,497297.0,,129400,6.7
290,1993-10-01,22.19,463.9,20.905813429472733,356.0514412919331,2.4259215580386018,7013.738,63.1862,5.33,251656.0,142.7,319.0,4532.8,119.1,492823.0,1.38238901983744,125000,6.8
291,1993-11-01,21.63,462.89,21.400369856680538,364.4743390328688,2.3656406811255026,,63.4892,5.72,247827.0,143.0,,4554.1,119.0,515934.0,,130000,6.6
292,1993-12-01,21.29,465.95,21.885861906998592,372.7428594056672,2.26861523221058,,63.8832,5.77,250057.0,143.5,,4571.1,118.6,533150.0,,125000,6.5
293,1994-01-01,21.34,472.99,22.16447985004686,377.4880620033464,1.2730498996668338,7115.652,63.9601,5.75,257125.0,143.6,316.0,4585.1,119.1,513314.0,1.5905642995456,126000,6.6
294,1994-02-01,21.02,471.58,22.434823977164605,382.09235144799345,1.2197178952393584,,64.0819,5.97,256624.0,143.4,,4632.6,119.3,513196.0,,129900,6.6
295,1994-03-01,20.42,463.81,22.713516160626835,386.8388184502595,1.2422303101013776,,64.9342,6.48,257190.0,143.4,,4646.0,119.7,521040.0,,132300,6.5
296,1994-04-01,19.0,447.23,23.53842105263158,400.88795252092854,3.631779800939383,7246.931,65.5367,6.97,260006.0,143.7,317.0,4671.1,119.7,528063.0,1.33500690466207,129000,6.4
297,1994-05-01,18.5,450.9,24.37297297297297,415.10138722285666,3.5454881127130022,,65.9732,7.18,263419.0,144.0,,4669.5,119.9,532328.0,,129900,6.1
298,1994-06-01,18.05,454.83,25.1983379501385,429.15835710365417,3.386394339667853,,66.2023,7.1,267027.0,144.4,,4708.9,120.5,536198.0,,133500,6.1
299,1994-07-01,17.42,451.4,25.912743972445462,441.3255609662616,2.8351315222480133,7331.075,66.4961,7.3,267694.0,145.2,314.0,4720.6,120.7,537232.0,1.21508722316594,124400,6.1
300,1994-08-01,17.44,464.24,26.61926605504587,453.3584917423399,2.7265429062691915,,67.0497,7.24,269994.0,145.6,,4762.6,121.2,537960.0,,133300,6.0
301,1994-09-01,17.09,466.96,27.323581041544763,465.3538329861733,2.6458843194340664,,67.3207,7.46,270377.0,145.8,,4775.0,121.0,538215.0,,129700,5.9
302,1994-10-01,16.32,463.81,28.41973039215686,484.0225902422977,4.011733853426569,7455.288,67.9952,7.74,275087.0,145.8,314.0,4812.9,120.9,533273.0,1.65466524587531,132000,5.8
303,1994-11-01,15.62,461.01,29.514084507042256,502.6607724495198,3.8506843653499656,,68.5539,7.96,276477.0,146.2,,4825.6,121.5,539150.0,,129900,5.6
304,1994-12-01,14.88,455.19,30.590725806451612,520.9972838558971,3.647889871537302,,69.3168,7.81,282738.0,147.2,,4841.6,121.9,541794.0,,135000,5.5
305,1995-01-01,14.89,465.25,31.245802552048353,532.1540379431466,2.1414226970011496,7522.289,69.4444,7.78,279692.0,147.2,313.0,4851.2,122.9,543930.0,-0.706076407637818,127900,5.6
306,1995-02-01,15.11,481.92,31.894109861019196,543.1955002874791,2.0748620807256035,,69.244,7.47,284915.0,147.7,,4850.8,123.5,537826.0,,135000,5.4
307,1995-03-01,15.15,493.15,32.55115511551155,554.3857804765398,2.060083373875221,,69.4426,7.2,282195.0,147.5,,4885.4,123.9,542715.0,,130000,5.4
308,1995-04-01,15.31,507.91,33.17504898758981,565.0114522838612,1.916656628203528,7580.997,69.2846,7.06,283370.0,148.5,314.0,4890.2,124.6,543096.0,0.721780822439929,134000,5.8
309,1995-05-01,15.5,523.81,33.79419354838709,575.556237541016,1.8662958448950384,,69.5089,6.63,282955.0,148.7,,4933.1,124.9,542566.0,,133900,5.6
310,1995-06-01,15.67,539.35,34.41927249521379,586.2020926133246,1.8496637475065025,,69.8331,6.17,281900.0,148.8,,4977.5,125.3,546131.0,,133700,5.6
311,1995-07-01,16.07,557.37,34.683883011823276,590.7087316942507,0.7687859080876436,7683.125,69.3542,6.28,281269.0,149.0,317.0,4970.2,125.3,547342.0,0.99644719976366,131000,5.7
312,1995-08-01,16.01,559.11,34.92254840724547,594.7734937908444,0.6881161354997056,,70.1963,6.49,285979.0,149.1,,5005.3,125.1,550996.0,,134900,5.7
313,1995-09-01,16.45,578.77,35.18358662613982,599.2192922948425,0.7474775776678211,,70.8715,6.2,293326.0,149.6,,5020.5,125.2,554011.0,,130000,5.6
314,1995-10-01,16.76,582.92,34.78042959427207,592.3530374730558,-1.145866782007443,7772.586,70.8105,6.04,287568.0,150.0,313.0,5013.9,125.3,555132.0,0.664777558269217,135200,5.5
315,1995-11-01,17.33,595.53,34.36410848240046,585.2625823505026,-1.1969981875674551,,70.8769,5.93,287704.0,150.0,,5055.6,125.4,557445.0,,137000,5.6
316,1995-12-01,18.1,614.57,33.95414364640884,578.2803823406219,-1.1930029734412706,,71.1869,5.71,297684.0,150.3,,5097.5,125.7,557953.0,,138600,5.6
317,1996-01-01,18.08,614.42,33.98340707964602,578.7787742169486,0.08618516061522641,7868.468,70.7137,5.65,285822.0,150.8,312.0,5085.7,126.3,575138.0,0.699953993238676,131900,5.6
318,1996-02-01,19.1,649.54,34.00732984293193,579.1862079853771,0.0703954233601145,,71.7652,5.81,277940.0,151.2,,5132.8,126.2,568052.0,,139400,5.5
319,1996-03-01,19.01,647.07,34.03840084166228,579.715384901532,0.09136559345839235,,71.5897,6.27,298862.0,151.9,,5173.3,126.4,574538.0,,137000,5.5
320,1996-04-01,18.85,647.17,34.33262599469496,584.7263972763932,0.8643918214646273,8032.84,72.5121,6.51,290320.0,152.5,312.0,5208.0,127.4,590464.0,1.15565973058823,140000,5.6
321,1996-05-01,19.1,661.23,34.61937172774869,589.6100260279136,0.8351989536076854,,73.0722,6.74,298700.0,152.4,,5223.8,128.1,600186.0,,136500,5.6
322,1996-06-01,19.15,668.5,34.90861618798956,594.5362111439292,0.8354988718903389,,73.8066,6.91,299606.0,153.3,,5229.8,128.0,602150.0,,140000,5.3
323,1996-07-01,18.26,644.07,35.27217962760131,600.7281389113665,1.0414719324704613,8131.408,74.1398,6.87,298909.0,153.8,314.0,5251.9,128.0,599899.0,0.135594124431104,144200,5.5
324,1996-08-01,18.6,662.68,35.62795698924731,606.7874602968006,1.0086628198264114,,74.4438,6.64,293231.0,154.3,,5275.0,128.3,603959.0,,137000,5.1
325,1996-09-01,18.75,674.88,35.9936,613.0148056912295,1.0262811613448442,,75.0938,6.83,302015.0,155.0,,5296.6,128.2,615466.0,,139000,5.2
326,1996-10-01,19.0,701.46,36.91894736842105,628.7745973555676,2.5708663996406367,8259.771,74.9676,6.53,301595.0,155.9,313.0,5328.5,128.0,621761.0,0.933253187417218,143800,5.2
327,1996-11-01,19.45,735.67,37.82365038560411,644.1827905978869,2.4505114085590307,,75.6366,6.2,309537.0,156.4,,5351.2,128.2,620812.0,,143500,5.4
328,1996-12-01,19.19,743.25,38.73110995310057,659.6379312462657,2.3991855842709464,,76.2699,6.3,300179.0,156.6,,5378.6,129.1,606078.0,,144900,5.4
329,1997-01-01,19.53,766.22,39.23297491039426,668.1853021477214,1.2957670407623079,8362.655,76.355,6.58,300765.0,156.3,313.0,5411.1,129.7,608608.0,0.992769488463534,145000,5.3
330,1997-02-01,20.09,798.39,39.74066699850672,676.831916177583,1.294044332024269,,77.4119,6.42,310604.0,156.9,,5434.0,128.5,615415.0,,143000,5.2
331,1997-03-01,19.69,792.16,40.23158963941086,685.1929261161077,1.235315554524008,,78.179,6.69,307465.0,157.0,,5454.2,127.3,620467.0,,148000,5.2
332,1997-04-01,18.94,763.93,40.33421330517423,686.9407320184696,0.2550823039386918,8518.825,78.0751,6.89,313694.0,157.0,314.0,5459.3,127.0,616175.0,-0.53485040527189,150000,5.1
333,1997-05-01,20.6,833.09,40.44126213592233,688.7639038651455,0.2654045337097566,,78.6235,6.71,308733.0,157.1,,5460.2,127.4,624743.0,,141000,4.9
334,1997-06-01,21.61,876.29,40.55020823692735,690.6193885329312,0.2693934245643792,,79.11,6.49,315090.0,157.4,,5494.2,127.2,626396.0,,145000,5.0
335,1997-07-01,22.8,925.29,40.5828947368421,691.1760794000289,0.0806074773371579,8662.823,79.6685,6.22,318485.0,157.7,314.0,5548.8,126.9,637410.0,1.65678406399551,145900,4.9
336,1997-08-01,22.83,927.24,40.6149802890933,691.722535397172,0.07906176348251304,,80.6979,6.3,319106.0,158.2,,5587.0,127.2,639593.0,,144000,4.8
337,1997-09-01,23.06,937.02,40.633998265394624,692.0464346750157,0.046825029006414276,,81.4513,6.21,318687.0,158.4,,5601.7,127.5,646526.0,,146300,4.9
338,1997-10-01,23.58,951.16,40.33757421543681,686.9979724098603,-0.7294976192639635,8765.907,82.1597,6.03,319565.0,158.7,314.0,5637.7,127.8,653196.0,0.00707936601186316,141500,4.7
339,1997-11-01,23.46,938.92,40.02216538789428,681.6261762814019,-0.7819231415800432,,83.0032,5.88,334896.0,159.0,,5661.1,127.9,643710.0,,145000,4.6
340,1997-12-01,24.23,962.37,39.71811803549319,676.4478798994593,-0.7596974063104001,,83.4898,5.81,315121.0,159.2,,5692.1,126.8,642021.0,,145900,4.7
341,1998-01-01,24.29,963.36,39.66076574722108,675.4711006428392,-0.14439830261057107,8866.48,84.1769,5.54,315893.0,159.9,319.0,5689.9,125.4,645686.0,0.379420193117729,148000,4.6
342,1998-02-01,25.85,1023.74,39.60309477756286,674.4888938544365,-0.14541063081279226,,84.2643,5.57,322715.0,159.9,,5723.8,125.0,648121.0,,156000,4.6
343,1998-03-01,27.23,1076.83,39.54572163055453,673.5117593481574,-0.14487036260820707,,84.0693,5.65,317454.0,160.1,,5750.3,124.7,666906.0,,152700,4.7
344,1998-04-01,28.26,1112.2,39.35598018400566,670.2802316324598,-0.47980271626215654,8969.699,84.4739,5.64,320388.0,160.2,319.0,5788.1,124.9,674351.0,1.97504866177597,148000,4.3
345,1998-05-01,28.3,1108.42,39.166784452296824,667.0579981045244,-0.4807293093051279,,84.9067,5.65,320787.0,160.7,,5837.9,125.1,674325.0,,153200,4.4
346,1998-06-01,28.44,1108.39,38.972925457102676,663.7563435250869,-0.4949576481833917,,84.2224,5.5,311219.0,160.6,,5871.7,124.8,703177.0,,148000,4.5
347,1998-07-01,29.9,1156.58,38.68160535117057,658.7948076372646,-0.7474935548596795,9121.097,83.8018,5.46,308769.0,161.0,321.0,5890.0,124.9,696540.0,-0.573688664843021,149900,4.5
348,1998-08-01,28.0,1074.62,38.37928571428571,653.6459363528803,-0.7815591781681563,,85.948,5.34,318026.0,161.4,,5925.0,124.2,698156.0,,154900,4.5
349,1998-09-01,26.8,1020.64,38.08358208955224,648.6097438059226,-0.770477144715076,,85.8601,4.81,319546.0,161.5,,5965.6,123.8,707561.0,,155000,4.6
350,1998-10-01,27.2,1032.47,37.95845588235294,646.4786922413901,-0.3285568224781543,9293.991,86.6608,4.53,315959.0,162.4,328.0,5998.8,124.0,707943.0,2.56108138088706,154500,4.5
351,1998-11-01,30.25,1144.43,37.83239669421488,644.3317508762016,-0.33209777691898257,,86.7538,4.83,319291.0,162.7,,6015.4,123.6,707845.0,,151000,4.4
352,1998-12-01,31.56,1190.05,37.707541191381495,642.2053097364187,-0.33002271530018223,,87.2904,4.65,315467.0,162.8,,6070.5,122.8,706989.0,,152500,4.4
353,1999-01-01,32.92,1248.77,37.933475091130006,646.0532389697656,0.5991743099922786,9411.682,87.5506,4.72,324278.0,163.4,324.0,6073.9,122.9,708818.0,1.71736169356824,153100,4.3
354,1999-02-01,32.67,1246.58,38.156718702173244,649.8553493128677,0.5885134712992235,,88.3515,5.0,324617.0,163.8,,6099.2,122.3,726308.0,,160000,4.4
355,1999-03-01,33.39,1281.66,38.38454627133873,653.7355300406383,0.5970837559271303,,88.3035,5.23,322604.0,163.7,,6133.0,122.6,737226.0,,157300,4.2
356,1999-04-01,34.0,1334.76,39.25764705882353,668.6054988570072,2.274615365550736,9526.21,88.6402,5.18,321414.0,163.9,329.0,6199.5,123.6,728788.0,1.38229291598165,159900,4.3
357,1999-05-01,33.19,1332.07,40.13467912021694,683.5424220516878,2.2340413323276076,,89.3814,5.54,325581.0,164.2,,6232.1,124.7,727358.0,,154400,4.2
358,1999-06-01,32.24,1322.55,41.0220223325062,698.6549566929277,2.210913932141745,,89.1748,5.9,323793.0,164.1,,6260.3,125.2,739167.0,,159300,4.3
359,1999-07-01,32.88,1380.99,42.00091240875912,715.3266458234192,2.386255042032004,9686.626,89.613,5.79,330548.0,164.4,330.0,6287.6,125.7,745815.0,1.53105050654821,158200,4.3
360,1999-08-01,30.89,1327.49,42.97474910974425,731.912269824058,2.3186084423776565,,90.0666,5.94,332510.0,164.7,,6331.9,126.9,741524.0,,154800,4.2
361,1999-09-01,29.99,1318.17,43.95365121707236,748.5841638583995,2.277854152977832,,89.6284,5.92,333492.0,165.1,,6386.5,128.0,751402.0,,163200,4.2
362,1999-10-01,28.66,1300.01,45.35973482205164,772.5314786002424,3.199014339070727,9900.169,91.0202,6.11,341407.0,165.5,335.0,6411.4,127.7,759906.0,1.45321021336434,161100,4.1
363,1999-11-01,29.74,1391.0,46.772024209818426,796.58448537427,3.113530961561528,,91.6313,6.03,334281.0,165.8,,6448.7,128.3,781199.0,,172000,4.1
364,1999-12-01,29.66,1428.68,48.168577208361434,820.3694822914816,2.9858724785527757,,92.2801,6.28,344248.0,166.0,,6541.0,127.8,789431.0,,164800,4.0
365,2000-01-01,29.04,1425.59,49.09056473829201,836.072051818012,1.9140850391788922,10002.179,92.3525,6.66,350725.0,166.1,334.0,6542.9,128.3,784940.0,1.32085964624641,163500,4.0
366,2000-02-01,27.76,1388.87,50.03134005763688,852.0946002596045,1.9164076118501905,,92.6583,6.52,331991.0,166.7,,6625.3,129.8,793737.0,,162400,4.1
367,2000-03-01,28.31,1442.21,50.94348286824444,867.6295022368239,1.8231428731606103,,93.2688,6.26,344182.0,167.1,,6686.5,130.8,809459.0,,165100,4.0
368,2000-04-01,28.5,1461.36,51.275789473684206,873.2890880844071,0.6523044494213703,10247.72,93.8974,5.99,347917.0,167.2,334.0,6679.1,130.7,804766.0,-0.804826751068519,162600,3.8
369,2000-05-01,27.49,1418.48,51.59985449254275,878.8083096839941,0.6320039577837333,,93.9749,6.44,340085.0,167.8,,6709.7,131.6,805005.0,,164700,4.0
370,2000-06-01,28.16,1461.96,51.91619318181818,884.1959424892372,0.6130612041186145,,94.1071,6.1,374700.0,168.0,,6746.9,133.8,795411.0,,160100,4.0
371,2000-07-01,28.05,1473.0,52.51336898395722,894.3665730544423,1.150268857440384,10318.165,94.1749,6.05,343351.0,168.8,335.0,6768.5,133.7,783795.0,-0.0491788507677853,169000,4.0
372,2000-08-01,27.97,1485.46,53.109045405791925,904.5116673485903,1.1343329010497838,,93.5862,5.83,340728.0,169.3,,6802.8,132.9,805341.0,,166600,4.1
373,2000-09-01,27.34,1468.05,53.696049743964885,914.509065505624,1.105281282477999,,94.0624,5.8,354557.0,169.4,,6888.6,134.7,814330.0,,171500,3.9
374,2000-10-01,26.5,1390.14,52.45811320754717,893.4254999459083,-2.3054517833629884,10435.744,93.7545,5.74,339610.0,169.6,334.0,6893.8,135.4,816100.0,0.0396983595030615,176300,3.9
375,2000-11-01,26.9,1378.04,51.22825278810409,872.4794804854424,-2.3444617891177577,,93.4893,5.72,343578.0,169.7,,6909.8,135.0,820054.0,,174700,3.9
376,2000-12-01,26.62,1330.93,49.99737039819684,851.5160556244185,-2.4027413056591285,,92.9602,5.24,343858.0,170.5,,6952.2,136.2,811516.0,,162000,3.9
377,2001-01-01,27.55,1335.63,48.48021778584392,825.6771005361397,-3.0344648133887486,10470.231,92.497,5.16,331600.0,170.9,333.0,6987.4,140.0,814479.0,-0.489781538610012,171300,4.2
378,2001-02-01,27.81,1305.75,46.952535059331176,799.6588047904778,-3.1511465836665864,,91.9674,5.1,335205.0,171.7,,7001.8,137.4,813647.0,,169100,4.2
379,2001-03-01,26.1,1185.85,45.43486590038314,773.8110522851406,-3.2323476400800244,,91.7962,4.89,333486.0,172.2,,6996.7,135.9,828057.0,,166300,4.3
380,2001-04-01,27.96,1189.84,42.55507868383405,724.7647718079189,-6.338276034231249,10599.0,91.4419,5.14,321890.0,172.6,336.0,7004.2,136.4,842392.0,0.396652287264522,175200,4.4
381,2001-05-01,32.02,1270.37,39.67426608369768,675.7010278004999,-6.769609384439324,,90.798,5.39,329643.0,172.9,,7052.8,136.8,848146.0,,175300,4.3
382,2001-06-01,33.67,1238.71,36.78972378972379,626.5737625686659,-7.2705624544852405,,90.2159,5.28,324044.0,173.5,,7069.7,135.5,855730.0,,179400,4.5
383,2001-07-01,35.46,1204.45,33.96644106034969,578.4898222637597,-7.67410689330238,10598.02,89.6779,5.24,318401.0,174.1,338.0,7082.3,133.4,850471.0,-1.14304856320169,175000,4.6
384,2001-08-01,37.85,1178.5,31.136063408190225,530.2850467905831,-8.33286492138109,,89.3345,4.97,321838.0,174.5,,7121.7,133.4,847465.0,,173700,4.9
385,2001-09-01,36.9,1044.64,28.310027100271007,482.15420969244735,-9.076408506978561,,89.0025,4.73,311821.0,174.7,,7007.0,133.3,837412.0,,166400,5.0
386,2001-10-01,39.72,1076.59,27.10448136958711,461.6222989681219,-4.2583701047476445,10660.465,88.5813,4.57,318537.0,175.3,340.0,7212.9,130.3,845941.0,3.72981823843513,171300,5.3
387,2001-11-01,43.62,1129.68,25.89821182943604,441.0780608878254,-4.450443171012219,,88.2903,4.65,310008.0,175.4,,7182.3,129.8,843911.0,,168100,5.5
388,2001-12-01,46.37,1144.93,24.691179642009924,420.5208339964314,-4.660677715417383,,88.4847,5.09,311731.0,175.2,,7166.7,128.1,849689.0,,180200,5.7
389,2002-01-01,46.17,1140.21,24.695906432748536,420.6013369943581,0.019143640794583305,10783.5,89.0582,5.04,308617.0,175.8,341.0,7184.6,128.5,858654.0,-2.09915777400306,187100,5.7
390,2002-02-01,44.57,1100.67,24.695310747139334,420.59119174359193,-0.00241208238630497,,89.095,4.91,317481.0,176.2,,7225.2,128.4,862338.0,,191100,5.7
391,2002-03-01,46.71,1153.79,24.70113466067223,420.69038007770496,0.023583074505628687,,89.8219,5.28,315160.0,176.6,,7243.4,129.8,844551.0,,183400,5.7
392,2002-04-01,43.81,1111.93,25.380734992010957,432.2648006709023,2.75129195753403,10887.46,90.1449,5.21,319110.0,176.9,339.0,7312.5,130.8,858240.0,0.20511469923096,187100,5.9
393,2002-05-01,41.41,1079.25,26.062545278918137,443.8768594965459,2.686329955069433,,90.6321,5.16,321471.0,176.4,,7288.9,130.8,850935.0,,181000,5.8
394,2002-06-01,37.92,1014.02,26.74103375527426,455.43234384646325,2.6033085759469055,,91.5685,4.93,316320.0,176.5,,7322.5,130.9,846777.0,,190600,5.8
395,2002-07-01,32.46,903.59,27.837030191004313,474.09849677607684,4.0985567190867656,10984.04,91.4591,4.65,320937.0,176.7,337.0,7387.3,131.2,847129.0,0.709133379990619,175600,5.8
396,2002-08-01,31.53,912.55,28.942277196320962,492.92219816201765,3.9704199684124974,,91.5546,4.26,326896.0,176.7,,7412.6,131.5,839008.0,,178900,5.7
397,2002-09-01,28.89,867.81,30.03842159916926,511.5908711517041,3.7873467779088177,,91.6661,3.87,319466.0,177.0,,7391.5,132.3,832134.0,,177500,5.7
398,2002-10-01,29.24,854.63,29.228112175102602,497.7903156600613,-2.6975765733611934,11061.433,91.3287,3.94,320658.0,177.0,336.0,7435.2,133.2,839690.0,-0.207793004429579,189200,5.7
399,2002-11-01,32.03,909.93,28.408679363097093,483.8343777703093,-2.8035776210805885,,91.829,4.05,322463.0,177.5,,7463.8,133.1,844697.0,,181200,5.9
400,2002-12-01,32.59,899.18,27.590671985271552,469.90271675913743,-2.8794276825417464,,91.1988,4.03,316933.0,177.7,,7519.9,132.9,855921.0,,197600,6.0
401,2003-01-01,31.43,895.84,28.50270442252625,485.4357389438532,3.305582545222374,11174.129,91.9849,4.05,323882.0,177.7,335.0,7541.3,135.3,863855.0,-0.1691875707525,181700,5.8
402,2003-02-01,28.46,837.03,29.410751932536893,500.9008929686682,3.1858293042992702,,91.8644,3.9,330320.0,178.7,,7548.6,137.6,859225.0,,187000,5.9
403,2003-03-01,27.92,846.63,30.323424068767906,516.4448100053485,3.103192119414433,,91.9432,3.81,330437.0,179.0,,7611.5,141.2,851132.0,,185100,5.9
404,2003-04-01,28.05,890.03,31.730124777183597,540.4026347696165,4.638990323868297,11312.766,91.2891,3.96,321380.0,179.1,338.0,7634.5,136.8,859459.0,1.00673205331247,189500,6.0
405,2003-05-01,28.24,935.96,33.14305949008499,564.4666322159303,4.452975595978104,,91.3216,3.57,324549.0,179.4,,7650.3,136.7,866814.0,,195500,6.1
406,2003-06-01,28.6,988.0,34.54545454545455,588.351126469623,4.231338557591813,,91.7528,3.33,328625.0,180.3,,7699.6,138.0,880865.0,,187900,6.3
407,2003-07-01,27.65,992.54,35.896564195298374,611.3621678621638,3.91110688112688,11566.669,92.1127,3.98,329530.0,180.4,337.0,7757.0,137.7,891264.0,2.06947275526378,190200,6.2
408,2003-08-01,26.57,989.53,37.242378622506585,634.2830251698933,3.7491455167859344,,91.771,4.45,330322.0,181.1,,7852.1,138.0,901839.0,,190500,6.1
409,2003-09-01,26.42,1019.44,38.58591975775927,657.1651655494359,3.607559949032768,,92.6227,4.27,336048.0,181.5,,7853.7,138.5,911589.0,,192000,6.1
410,2003-10-01,24.75,1038.73,41.96888888888889,714.7812463132063,8.767366833206914,11772.234,92.6848,4.29,342054.0,182.2,337.0,7867.4,139.3,925732.0,-0.0258324284597171,194100,6.0
411,2003-11-01,23.15,1049.9,45.35205183585314,772.4006279964793,8.06112107452035,,93.5187,4.3,339229.0,183.1,,7922.6,138.9,925985.0,,207100,5.8
412,2003-12-01,22.17,1080.64,48.74334686513306,830.1585089368596,7.4777102512458615,,93.4735,4.27,340507.0,184.0,,7950.4,139.5,948491.0,,196000,5.7
413,2004-01-01,22.73,1132.52,49.82490101187857,848.5786921114167,2.2188754287596257,11923.447,93.4095,4.15,339193.0,183.9,337.0,8007.1,141.4,938525.0,0.996835993219739,209500,5.7
414,2004-02-01,22.46,1143.36,50.90650044523597,866.99964657208,2.1708009677722018,,94.0779,4.08,341261.0,184.3,,8040.4,142.1,937813.0,,219600,5.6
415,2004-03-01,21.61,1123.98,52.01203146691347,885.8281851022425,2.171689297060997,,94.0431,3.83,354358.0,184.7,,8098.8,143.1,961159.0,,209600,5.8
416,2004-04-01,21.23,1133.36,53.38483278379651,909.2086619792907,2.639391844858685,12112.815,94.3521,4.35,349488.0,185.1,341.0,8107.2,144.8,967602.0,0.309208225035774,222300,5.6
417,2004-05-01,20.14,1102.78,54.75571002979146,932.5563695878689,2.567915219565964,,95.037,4.72,351373.0,186.5,,8176.5,146.8,974381.0,,211700,5.6
418,2004-06-01,20.17,1132.76,56.16063460585027,956.483944656868,2.5658046901307907,,94.3149,4.73,354635.0,186.9,,8157.6,147.2,983087.0,,215700,5.6
419,2004-07-01,19.51,1105.85,56.68118913377754,965.3496216880354,0.9269028592369999,12305.307,95.1532,4.5,356710.0,187.3,335.0,8236.9,147.4,1006184.0,0.88827963351865,212400,5.5
420,2004-08-01,19.03,1088.94,57.222280609563846,974.5650679309875,0.9546226606312658,,95.5847,4.28,355629.0,187.5,,8271.6,148.0,1013616.0,,218100,5.4
421,2004-09-01,19.35,1117.66,57.760206718346254,983.726604122185,0.9400640852690989,,95.6459,4.13,361042.0,187.4,,8341.5,147.7,1012080.0,,211600,5.4
422,2004-10-01,19.25,1117.21,58.03688311688312,988.438739854327,0.4790086709453911,12527.214,96.6842,4.1,364476.0,188.3,337.0,8397.1,150.0,1015719.0,1.51431633201596,229200,5.5
423,2004-11-01,20.05,1168.94,58.301246882793016,992.9411764705881,0.45550993043077526,,96.6738,4.19,373177.0,188.9,,8444.5,151.4,1022994.0,,224500,5.4
424,2004-12-01,20.48,1199.21,58.55517578125,997.2658945967826,0.43554625678499104,,97.4337,4.23,373419.0,188.9,,8504.4,150.2,1037480.0,,229600,5.4
425,2005-01-01,19.99,1181.41,59.100050025012514,1006.545765981313,0.930531309133209,12767.286,98.0818,4.22,378937.0,189.1,336.0,8497.7,150.9,1046082.0,0.335626654971055,223100,5.3
426,2005-02-01,20.11,1199.63,59.65340626553954,1015.9700960917967,0.9363041829792529,,99.0119,4.17,381880.0,189.2,,8559.1,151.6,1066848.0,,237300,5.4
427,2005-03-01,19.84,1194.9,60.22681451612904,1025.7359363333082,0.9612330401336244,,98.506,4.5,374642.0,189.6,,8598.4,153.7,1071745.0,,229300,5.2
428,2005-04-01,19.02,1164.43,61.22134595162987,1042.6740168444924,1.6513100410357806,12922.656,98.9124,4.34,385450.0,190.8,334.0,8678.4,155.0,1081012.0,1.31452030317491,236300,5.2
429,2005-05-01,18.93,1178.28,62.24405705229794,1060.0920313430229,1.670513911072935,,99.1715,4.14,395916.0,191.0,,8671.6,154.3,1093341.0,,228300,5.1
430,2005-06-01,19.0,1202.25,63.276315789473685,1077.672653709023,1.6584052937109073,,99.3821,4.0,400506.0,191.0,,8753.4,154.3,1105896.0,,226100,5.0
431,2005-07-01,19.0,1222.24,64.32842105263158,1095.5912865621262,1.6627157413183768,13142.642,99.0321,4.18,386590.0,191.4,331.0,8853.8,156.3,1119101.0,0.411866852001877,229200,5.0
432,2005-08-01,18.72,1224.27,65.39903846153847,1113.8252037832626,1.6642992185847971,,99.6139,4.26,401287.0,191.5,,8850.1,157.6,1129163.0,,240100,4.9
433,2005-09-01,18.44,1225.92,66.48156182212581,1132.261893848904,1.6552588326263828,,98.4772,4.2,404154.0,191.9,,8900.4,162.2,1148438.0,,240400,5.0
434,2005-10-01,17.64,1191.96,67.57142857142857,1150.8236507599427,1.6393519036432158,13324.204,99.9437,4.46,409487.0,192.4,332.0,8938.5,166.2,1160831.0,-0.604056952139089,243900,5.0
435,2005-11-01,18.01,1237.37,68.70460855080509,1170.1230846834928,1.677010540303514,,100.869,4.54,421486.0,193.0,,8946.2,163.7,1172090.0,,237900,5.0
436,2005-12-01,18.07,1262.07,69.84338682899833,1189.5178644480072,1.6574991142714213,,100.977,4.47,422981.0,193.3,,8981.1,163.0,1184677.0,,238600,4.9
437,2006-01-01,18.07,1278.73,70.76535694521306,1205.2201373977673,1.3200535627976295,13599.16,101.806,4.42,415824.0,194.1,332.0,9071.6,164.3,1195642.0,2.2557560639662,244900,4.7
438,2006-02-01,17.8,1276.65,71.72191011235955,1221.5114017862043,1.3517252062857033,,101.4664,4.57,421074.0,194.2,,9096.0,161.8,1205639.0,,250800,4.8
439,2006-03-01,17.8,1293.74,72.68202247191012,1237.8632835521748,1.3386597736262829,,101.4334,4.72,430457.0,194.4,,9132.9,162.2,1205169.0,,238800,4.7
440,2006-04-01,17.77,1302.17,73.27912211592573,1248.0326170518672,0.8215231548439395,13753.424,101.8341,4.99,418625.0,194.3,329.0,9191.6,164.3,1193296.0,-0.467314141382746,257000,4.7
441,2006-05-01,17.46,1290.01,73.88373424971363,1258.329897393721,0.8250810276239529,,101.5978,5.11,423472.0,194.7,,9231.8,165.8,1180581.0,,238200,4.6
442,2006-06-01,16.82,1253.17,74.50475624256838,1268.9066576033092,0.8405395303326291,,101.9341,5.11,427440.0,195.3,,9259.6,166.1,1172128.0,,243200,4.6
443,2006-07-01,16.61,1260.24,75.87236604455148,1292.1987166644783,1.8356006662588298,13870.188,101.6403,5.09,416849.0,195.7,334.0,9343.8,166.8,1157926.0,-0.400213190771176,238100,4.7
444,2006-08-01,16.67,1287.15,77.21355728854229,1315.0408355364389,1.76769397596388,,102.4749,4.88,418759.0,196.2,,9342.2,167.9,1145907.0,,243900,4.7
445,2006-09-01,16.77,1317.74,78.57722122838402,1338.2656917639408,1.7660939189031222,,102.5924,4.72,435776.0,196.8,,9375.4,165.4,1135753.0,,226700,4.5
446,2006-10-01,17.14,1363.38,79.54375729288215,1354.7269770416538,1.2300461245491334,14039.56,102.0895,4.73,415798.0,197.4,337.0,9393.6,162.2,1122914.0,0.422803279003154,250400,4.4
447,2006-11-01,17.24,1388.64,80.54756380510442,1371.8230233954923,1.261955112990476,,102.2042,4.6,426451.0,197.4,,9400.2,164.6,1121749.0,,240100,4.5
448,2006-12-01,17.38,1416.42,81.49712313003454,1387.9951741407453,1.1788802541908172,,103.7844,4.56,437894.0,197.5,,9488.3,165.6,1135406.0,,244700,4.4
449,2007-01-01,17.36,1424.16,82.03686635944702,1397.1876581073795,0.6622850091914101,14215.651,103.3519,4.76,427905.0,198.813,336.0,9538.7,164.0,1137917.0,0.336421068354899,254400,4.6
450,2007-02-01,17.49,1444.8,82.60720411663809,1406.9012041100816,0.6952212858693407,,103.6928,4.72,430410.0,200.126,,9566.0,166.8,1139032.0,,250800,4.5
451,2007-03-01,16.92,1406.95,83.153073286052,1416.1980202890995,0.6608009255986591,,104.6548,4.56,442158.0,200.853,,9611.7,169.3,1146624.0,,262600,4.4
452,2007-04-01,17.48,1463.64,83.73226544622426,1426.0623675487757,0.6965372863367181,14402.082,105.3938,4.69,446596.0,201.392,335.0,9643.6,171.4,1150590.0,-0.204511774596049,242500,4.5
453,2007-05-01,17.92,1511.14,84.32700892857143,1436.1915727482328,0.710291879931435,,105.3419,4.75,445891.0,202.157,,9685.8,173.3,1161581.0,,245000,4.4
454,2007-06-01,17.83,1514.19,84.92372406057208,1446.3543575404292,0.7076204167351552,,105.764,5.1,446539.0,202.977,,9706.8,173.8,1163511.0,,235500,4.6
455,2007-07-01,18.36,1520.71,82.82734204793029,1410.6504209479738,-2.4685469647404368,14564.117,105.8107,5.0,450464.0,203.64,336.0,9751.1,175.1,1155448.0,0.0816624153945648,246200,4.7
456,2007-08-01,18.02,1454.62,80.72253052164261,1374.802919480938,-2.5412037549987665,,105.5804,4.67,452598.0,204.418,,9798.9,172.4,1159077.0,,236500,4.6
457,2007-09-01,19.05,1497.12,78.58897637795275,1338.4658962649842,-2.6430714323528726,,105.9396,4.52,448633.0,205.347,,9845.1,173.5,1158580.0,,240300,4.7
458,2007-10-01,20.68,1539.66,74.45164410058028,1268.002093197396,-5.26451987041423,14715.058,105.7749,4.53,458907.0,205.988,332.0,9882.7,174.7,1152491.0,0.0600078665162196,234300,4.7
459,2007-11-01,20.81,1463.39,70.32148005766459,1197.6603738850497,-5.5474450467958185,,106.4071,4.15,464910.0,206.789,,9955.9,179.0,1132908.0,,249100,4.7
460,2007-12-01,22.35,1479.22,66.18434004474273,1127.1998453150068,-5.883181084256684,,106.4915,4.1,481274.0,207.141,,9972.8,178.6,1115141.0,,227700,5.0
461,2008-01-01,21.46,1378.76,64.24790307548928,1094.2199674355998,-2.925823492300983,14706.538,106.2369,3.74,478676.0,208.392,335.0,9996.4,181.0,1111347.0,-1.81857543451289,232400,5.0
462,2008-02-01,21.74,1354.87,62.32152713891444,1061.4114411851642,-2.9983483419083745,,105.4563,3.74,473714.0,209.183,,9981.7,182.7,1096648.0,,245300,4.9
463,2008-03-01,21.81,1316.94,60.382393397524076,1028.3856339947824,-3.1114990765037653,,105.0191,3.51,473829.0,209.595,,10035.3,187.9,1103446.0,,229300,5.1
464,2008-04-01,23.88,1370.47,57.38986599664992,977.4192509941224,-4.955960226970513,14865.701,103.9853,3.68,477888.0,211.368,335.0,10070.3,190.9,1101252.0,-0.900810602235851,246400,5.0
465,2008-05-01,25.81,1403.22,54.36729949631926,925.9412655775758,-5.266725140126816,,103.4363,3.88,477706.0,212.204,,10132.3,196.6,1101547.0,,229300,5.4
466,2008-06-01,26.11,1341.25,51.3692072003064,874.8801056412343,-5.514513915144592,,102.728,4.1,485010.0,213.452,,10187.1,200.5,1090098.0,,234300,5.6
467,2008-07-01,25.37,1257.33,49.559716200236494,844.0622720872726,-3.5225207837334738,14898.999,101.6006,4.01,477725.0,215.449,331.0,10185.1,205.5,1086952.0,-2.68162186583392,237300,5.8
468,2008-08-01,26.83,1281.47,47.762579202385396,813.4548422236799,-3.6262051836417175,,100.3275,3.89,463929.0,216.53,,10175.7,199.0,1070075.0,,221000,6.1
469,2008-09-01,26.48,1216.95,45.95732628398792,782.7091883575771,-3.7796386806249305,,96.8169,3.69,452545.0,217.749,,10116.4,196.9,1059579.0,,225200,6.1
470,2008-10-01,27.22,968.8,35.59147685525349,606.1661592251709,-22.5553796682598,14608.208,96.2567,3.81,419715.0,218.632,340.0,10034.1,186.4,1055959.0,-6.76953377436963,213200,6.5
471,2008-11-01,34.99,883.04,25.23692483566733,429.81553871746013,-29.09278550507176,,93.8288,3.53,386733.0,219.079,,9885.2,176.8,1035033.0,,221600,6.8
472,2008-12-01,58.98,877.56,14.878942014242115,253.40648747976587,-41.04296735387619,,90.6205,2.42,365490.0,219.151,,9801.5,170.9,999139.0,,229600,7.3
473,2009-01-01,70.91,865.58,12.20674093921873,207.8956515874585,-17.959617508190817,14430.901,87.7088,2.52,343559.0,219.323,345.0,9847.2,171.2,975099.0,-1.69506115427916,208600,7.8
474,2009-02-01,84.46,805.23,9.533862183282029,162.37327396458244,-21.896743522663577,,87.6782,2.87,343150.0,219.058,,9824.5,169.3,971708.0,,209700,8.3
475,2009-03-01,110.37,757.13,6.859925704448672,116.83288203371916,-28.04672888519618,,86.1225,2.82,333431.0,218.682,,9773.2,168.1,963793.0,,205100,8.7
476,2009-04-01,119.85,848.15,7.076762619941594,120.52587855581139,3.1609222145409177,14381.236,85.5838,2.93,334449.0,218.372,345.0,9772.5,169.1,932482.0,-0.117002208561621,219200,9.0
477,2009-05-01,123.73,902.41,7.293380748403782,124.21514886854604,3.0609777393377557,,84.6453,3.29,339817.0,218.053,,9791.6,170.8,920020.0,,222300,9.4
478,2009-06-01,123.32,926.12,7.509892961401233,127.90261531203629,2.9686125058648205,,84.4264,3.72,345129.0,218.092,,9852.4,174.1,912530.0,,214700,9.5
479,2009-07-01,101.87,935.82,9.186414057131639,156.45580959480938,22.32416765920979,14448.882,85.8723,3.56,348909.0,217.725,345.0,9886.3,172.5,911438.0,1.43304495928854,214200,9.5
480,2009-08-01,92.95,1009.73,10.863152232383001,185.01270100597083,18.2523688223009,,86.8489,3.59,355776.0,217.738,,10004.1,175.0,900112.0,,207100,9.6
481,2009-09-01,83.3,1044.55,12.539615846338535,213.56491630417293,15.4325703819008,,87.7008,3.4,359189.0,217.664,,9927.8,174.1,887241.0,,216600,9.8
482,2009-10-01,42.12,1067.66,25.34805318138652,431.7081896681246,102.14377770422641,14651.248,87.7672,3.39,366143.0,217.881,344.0,9976.7,175.2,871391.0,-0.0829419069478753,215100,10.0
483,2009-11-01,28.51,1088.07,38.16450368291827,649.9879370078669,50.56187317353065,,88.6866,3.4,369445.0,218.055,,9985.7,177.4,858493.0,,218800,9.9
484,2009-12-01,21.78,1110.38,50.98163452708908,868.279271410606,33.58390548101773,,88.5309,3.59,371392.0,218.341,,10052.6,178.1,842609.0,,222600,9.9
485,2010-01-01,20.7,1123.58,54.2792270531401,924.441284702025,6.468196943153792,14764.611,89.5895,3.73,393694.0,218.855,344.0,10056.1,181.9,822114.0,1.36971686322099,218200,9.8
486,2010-02-01,18.91,1089.16,57.597038603913276,980.9476525873528,6.112488572331731,,89.5743,3.69,394215.0,218.898,,10093.4,181.0,814885.0,,221900,9.8
487,2010-03-01,18.91,1152.05,60.922792173453196,1037.5892827162766,5.774174593264525,,90.803,3.73,400659.0,219.321,,10156.0,183.3,821849.0,,224800,9.9
488,2010-04-01,19.01,1197.32,62.98369279326669,1072.6889280144378,3.3828072323834224,14980.193,91.6463,3.85,400842.0,219.531,342.0,10182.3,184.4,829664.0,1.7404616545335,208300,9.9
489,2010-05-01,17.3,1125.06,65.03236994219652,1107.5803927297009,3.252710436738404,,92.8747,3.42,404370.0,219.651,,10210.8,184.8,823447.0,,230500,9.6
490,2010-06-01,16.15,1083.36,67.08111455108359,1142.4730063701218,3.1503459134398337,,92.8559,3.2,400624.0,219.627,,10231.3,183.5,821943.0,,219500,9.4
491,2010-07-01,15.72,1079.8,68.68956743002543,1169.866916094296,2.3977730389631136,15141.605,93.4024,3.01,402326.0,219.643,342.0,10268.1,184.1,799694.0,0.0820792376329952,212100,9.4
492,2010-08-01,15.47,1087.28,70.2831286360698,1197.0072025085576,2.319946486295388,,93.5687,2.7,408354.0,219.879,,10307.1,184.9,802030.0,,226600,9.5
493,2010-09-01,15.61,1122.08,71.8821268417681,1224.2400876427694,2.275081142130153,,93.611,2.65,422049.0,220.598,,10327.1,184.9,807728.0,,228000,9.5
494,2010-10-01,15.9,1171.58,73.68427672955974,1254.9328931218286,2.507090381116095,15309.471,93.6743,2.54,417830.0,220.911,341.0,10386.4,186.6,801372.0,2.17919131461077,204200,9.4
495,2010-11-01,15.88,1198.89,75.49685138539043,1285.803245085647,2.4599205370275934,,93.8085,2.76,426427.0,221.315,,10433.6,187.7,804151.0,,219600,9.8
496,2010-12-01,16.05,1241.53,77.35389408099688,1317.4309418763962,2.459761780165848,,94.265,3.29,429764.0,221.556,,10471.0,189.7,789395.0,,241200,9.3
497,2011-01-01,16.3,1282.62,78.6883435582822,1340.1582402578533,1.7251225592961328,15351.444,94.3736,3.39,445734.0,222.735,338.0,10514.3,192.7,759964.0,1.28762751700997,240100,9.1
498,2011-02-01,16.52,1321.12,79.97094430992736,1362.0024917511519,1.6299755384927783,,94.5587,3.58,438975.0,223.734,,10540.6,195.8,758376.0,,220100,9.0
499,2011-03-01,16.04,1304.49,81.32730673316709,1385.1029942662985,1.6960690347523677,,95.1976,3.41,463133.0,225.337,,10619.7,199.2,769157.0,,220500,9.0
500,2011-04-01,16.21,1331.51,82.14127082048118,1398.9657931201084,1.0008496776915177,15557.535,94.662,3.46,454441.0,226.18,336.0,10652.1,203.1,769437.0,0.489884566593593,224700,9.1
501,2011-05-01,16.12,1338.31,83.02171215880892,1413.960780449453,1.0718623288066054,,94.6853,3.17,458536.0,227.045,,10672.2,204.1,775251.0,,222000,9.0
502,2011-06-01,15.35,1287.29,83.86254071661237,1428.281113924891,1.0127815193633483,,94.7826,3.0,454746.0,227.603,,10694.8,203.9,794839.0,,240200,9.1
503,2011-07-01,15.61,1325.19,84.89365791159514,1445.8422944382949,1.229532501843833,15647.681,95.3484,3.0,459477.0,228.473,336.0,10731.6,204.6,792381.0,0.141467766308011,229900,9.0
504,2011-08-01,13.79,1185.31,85.95431472081218,1463.9065705264675,1.2493946371371578,,95.8112,2.3,468947.0,229.577,,10750.3,203.2,811953.0,,219600,9.0
505,2011-09-01,13.5,1173.88,86.95407407407409,1480.933688838552,1.163128758002685,,96.0706,1.98,457843.0,230.561,,10783.2,203.7,813660.0,,217000,9.0
506,2011-10-01,13.88,1207.22,86.97550432276657,1481.2986720505157,0.02464547972096387,15842.267,96.5661,2.15,463126.0,230.776,335.0,10802.9,201.1,808378.0,1.28321186893218,224800,8.8
507,2011-11-01,14.1,1226.42,86.98014184397164,1481.3776546796612,0.005331985414946949,,96.4054,2.01,471598.0,230.976,,10806.8,201.4,812050.0,,214300,8.6
508,2011-12-01,14.3,1243.32,86.94545454545454,1480.786887777756,-0.03987956076149102,,97.0455,1.98,478391.0,231.392,,10817.8,199.8,821367.0,,218600,8.5
509,2012-01-01,14.87,1300.58,87.46334902488232,1489.60726094618,0.5956544619098336,16068.824,97.9377,1.97,479475.0,232.131,335.0,10896.8,200.7,830610.0,1.48847181707437,221700,8.3
510,2012-02-01,15.37,1352.49,87.99544567338972,1498.669514335497,0.6083652803599238,,98.2862,1.97,488327.0,232.103,,10987.2,201.6,824368.0,,239900,8.3
511,2012-03-01,15.69,1389.24,88.54302103250478,1507.9953890012494,0.6222769314078835,,97.8117,2.17,478078.0,232.502,,10993.9,204.2,829288.0,,239800,8.2
512,2012-04-01,15.7,1386.43,88.30764331210192,1503.9866200107397,-0.2658343002736041,16207.13,98.398,2.05,473878.0,232.934,337.0,11018.5,203.7,841740.0,-0.536644479924823,236400,8.2
513,2012-05-01,15.22,1341.27,88.12549277266754,1500.884374679961,-0.2062681469038985,,98.0764,1.8,474026.0,233.127,,11006.8,201.9,850928.0,,239200,8.2
514,2012-06-01,15.05,1323.48,87.93887043189369,1497.7059691309987,-0.21176884792607487,,98.4172,1.62,461750.0,233.624,,10989.8,199.8,858009.0,,232600,8.2
515,2012-07-01,15.55,1359.78,87.44565916398713,1489.3059810897785,-0.5608569515212714,16319.54,98.2585,1.53,473561.0,233.752,333.0,11016.8,200.1,858934.0,0.329652064076688,237400,8.2
516,2012-08-01,16.14,1403.45,86.954770755886,1480.9455541775444,-0.5613639519608027,,98.1307,1.68,459040.0,234.108,,11056.0,202.7,862726.0,,253200,8.1
517,2012-09-01,16.69,1443.42,86.48412222887957,1472.929837068622,-0.54125670496874,,97.9556,1.72,475687.0,234.286,,11105.3,204.4,866588.0,,254600,7.8
518,2012-10-01,16.62,1437.82,86.51143200962694,1473.394955865806,0.03157779722282594,16420.386,97.7918,1.75,479287.0,234.694,333.0,11137.4,203.5,875366.0,0.819506374896333,247200,7.8
519,2012-11-01,16.12,1394.51,86.50806451612902,1473.3376033539068,-0.0038925416210200403,,98.4262,1.65,473577.0,235.1,,11178.4,201.8,872052.0,,245000,7.7
520,2012-12-01,16.44,1422.29,86.5139902676399,1473.4385261127031,0.006849941151743089,,99.1394,1.72,490421.0,235.521,,11181.2,201.5,871809.0,,258300,7.9
521,2013-01-01,17.03,1480.4,86.92894891368174,1480.5057767843011,0.47964340190311816,16629.05,98.8728,1.91,484201.0,235.86,331.0,11245.8,202.5,862722.0,1.32893988576873,251500,8.0
522,2013-02-01,17.32,1512.31,87.31581986143186,1487.0946597763507,0.4450427073888541,,99.3492,1.98,498821.0,235.903,,11282.1,204.3,873583.0,,265100,7.7
523,2013-03-01,17.68,1550.83,87.71662895927602,1493.9209264247052,0.45903376785585426,,99.3193,1.96,474885.0,236.13,,11268.9,204.0,864510.0,,257500,7.5
524,2013-04-01,17.69,1570.7,88.79027699265121,1512.206458868258,1.2239960040799636,16699.551,99.0061,1.76,482654.0,236.574,335.0,11259.3,203.5,879728.0,0.0759161511552158,279300,7.6
525,2013-05-01,18.25,1639.84,89.85424657534246,1530.3271555197418,1.1982951497935934,,99.2753,1.93,492752.0,236.387,,11295.1,204.1,888752.0,,263700,7.5
526,2013-06-01,17.8,1618.77,90.94213483146066,1548.8552162843798,1.2107254777391274,,99.4315,2.3,502482.0,236.912,,11318.5,204.3,899295.0,,259800,7.5
527,2013-07-01,18.12,1668.68,92.09050772626931,1568.413404044765,1.2627511955122683,16911.068,98.6067,2.58,483308.0,237.133,334.0,11346.8,204.4,917756.0,0.350830276296704,262200,7.3
528,2013-08-01,17.91,1670.09,93.24902289223897,1588.1443270243287,1.2580180026949606,,99.4428,2.74,482827.0,237.407,,11376.9,204.2,929061.0,,255300,7.2
529,2013-09-01,17.88,1687.17,94.36073825503357,1607.0781924089385,1.1922005489315657,,99.5085,2.81,498211.0,237.464,,11413.9,203.9,938121.0,,269800,7.2
530,2013-10-01,17.86,1720.03,96.30627099664054,1640.212982359433,2.061803221959413,17133.114,99.6548,2.62,494189.0,237.693,334.0,11465.2,202.5,951214.0,0.188071250979547,264300,7.2
531,2013-11-01,18.15,1783.54,98.26666666666667,1673.6009060663973,2.03558465065532,,99.7013,2.72,503692.0,237.895,,11531.3,201.2,964122.0,,277100,6.9
532,2013-12-01,18.04,1807.78,100.20953436807096,1706.6903071393692,1.9771380950518669,,99.5094,2.9,499738.0,238.133,,11558.6,202.0,979211.0,,275500,6.7
533,2014-01-01,18.15,1822.36,100.40550964187328,1710.0280045186316,0.1955654968742726,17144.281,98.4403,2.86,488511.0,238.417,335.0,11543.7,203.8,986587.0,0.167324437880398,269800,6.6
534,2014-02-01,18.06,1817.04,100.61129568106313,1713.532791170368,0.204954927198564,,99.3761,2.71,494965.0,239.247,,11615.4,205.7,987538.0,,268400,6.7
535,2014-03-01,18.48,1863.52,100.83982683982684,1717.4249548851374,0.22714264558141295,,100.2558,2.72,496803.0,240.24,,11695.2,207.0,991157.0,,282300,6.7
536,2014-04-01,18.35,1864.26,101.59455040871934,1730.2788156252475,0.7484379858082146,17462.703,100.2374,2.71,499122.0,240.995,330.0,11737.4,208.3,1006901.0,1.96732334231663,274500,6.2
537,2014-05-01,18.46,1889.77,102.37107258938244,1743.5039332487727,0.7643344820554843,,100.5182,2.56,490538.0,242.107,,11778.6,208.0,1007147.0,,285600,6.3
538,2014-06-01,18.88,1947.09,103.12976694915254,1756.4254213892618,0.7411218233624339,,100.8298,2.6,501906.0,242.345,,11838.0,208.3,1006424.0,,287000,6.1
539,2014-07-01,18.96,1973.1,104.06645569620252,1772.3783705320539,0.9082622551758623,17743.227,101.3804,2.54,563264.0,242.883,336.0,11879.2,208.0,1014935.0,0.425392515466024,280400,6.2
540,2014-08-01,18.68,1961.53,105.00695931477516,1788.3962915788845,0.9037529070060835,,100.78,2.42,494523.0,243.505,,11958.8,207.0,1015096.0,,291700,6.1
541,2014-09-01,18.81,1993.23,105.9665071770335,1804.7385592690778,0.9137945413522086,,100.8729,2.53,497329.0,244.148,,11964.9,206.4,1021890.0,,261500,5.9
542,2014-10-01,18.5,1937.27,104.71729729729729,1783.4629949550313,-1.1788723748808794,17852.54,100.7731,2.3,484439.0,244.5,336.0,12035.5,203.4,1046402.0,0.318103342195913,297000,5.7
543,2014-11-01,19.75,2044.57,103.52253164556961,1763.1146820927333,-1.1409439343489591,,101.4719,2.33,479828.0,245.106,,12058.4,200.9,1044893.0,,298300,5.8
544,2014-12-01,20.08,2054.27,102.3042828685259,1742.3664230315942,-1.1767957735178247,,101.2906,2.21,465231.0,245.84,,12067.6,197.0,1056429.0,,301500,5.6
545,2015-01-01,20.02,2028.18,101.3076923076923,1725.3932731104105,-0.9741435381687258,17991.348,100.7507,1.88,451813.0,245.764,341.0,12036.5,192.0,1069010.0,-0.217540586505723,292000,5.7
546,2015-02-01,20.77,2082.2,100.25036109773711,1707.3856360243185,-1.043683047032462,,99.9995,1.98,451403.0,246.056,,12083.1,191.1,1080165.0,,286600,5.5
547,2015-03-01,20.96,2079.99,99.2361641221374,1690.11262743585,-1.0116641620980804,,100.3065,2.04,461086.0,245.685,,12132.2,191.5,1095643.0,,286600,5.4
548,2015-04-01,21.42,2094.86,97.79925303454715,1665.6402831536802,-1.4479712112025367,18193.707,100.2717,1.94,460208.0,245.615,339.0,12170.3,190.9,1123360.0,1.07437659745855,294500,5.4
549,2015-05-01,21.92,2111.94,96.34762773722628,1640.9173379752701,-1.484290781656683,,100.2641,2.2,447136.0,245.886,,12233.6,193.4,1145069.0,,287500,5.6
550,2015-06-01,22.12,2099.29,94.90461121157323,1616.3410106536783,-1.4977187913631451,,99.8626,2.36,469819.0,246.511,,12270.3,194.8,1167593.0,,285100,5.3
551,2015-07-01,22.4,2094.14,93.48839285714286,1592.2210887965293,-1.4922545241486285,18306.96,100.6576,2.32,460361.0,246.733,340.0,12327.5,193.9,1160904.0,0.588328521944492,292300,5.2
552,2015-08-01,22.15,2039.87,92.09345372460497,1568.4635779811674,-1.492098740716885,,100.2236,2.17,452229.0,247.295,,12359.3,191.9,1170012.0,,293000,5.1
553,2015-09-01,21.45,1944.41,90.64848484848486,1543.853999755465,-1.5690245263698444,,99.9551,2.17,444225.0,247.984,,12356.4,189.1,1171147.0,,299500,5.0
554,2015-10-01,22.68,2024.81,89.27733686067019,1520.5016810842533,-1.5125989034526999,18332.079,99.8786,2.07,447495.0,248.288,345.0,12362.3,187.5,1159985.0,-0.261663832330484,298000,5.0
555,2015-11-01,23.67,2080.62,87.90114068441063,1497.063385621094,-1.5414843505102582,,99.5454,2.26,449790.0,248.075,,12397.5,185.7,1155321.0,,312600,5.1
556,2015-12-01,23.74,2054.08,86.5240101095198,1473.6091762122505,-1.5666811194579466,,99.2474,2.24,438803.0,247.761,,12432.8,183.5,1164799.0,,297100,5.0
557,2016-01-01,22.18,1918.6,86.50135256988277,1473.2232907421103,-0.02618641878521233,18425.306,99.7701,2.09,438074.0,247.967,346.0,12452.1,182.6,1173689.0,0.0066676927636866,288400,4.8
558,2016-02-01,22.02,1904.42,86.48592188919164,1472.9604874735974,-0.017838658278390707,,99.4433,1.78,431978.0,248.244,,12526.3,181.3,1183886.0,,305800,4.9
559,2016-03-01,23.39,2021.95,86.4450619923044,1472.2645937105144,-0.04724456419576972,,99.3761,1.89,433387.0,247.699,,12506.8,182.1,1205012.0,,303200,5.0
560,2016-04-01,23.97,2075.54,86.58906967042137,1474.7172197001048,0.1665886689164342,18611.617,99.1948,1.81,442914.0,247.906,345.0,12586.0,183.2,1200460.0,0.715822364525472,318300,5.1
561,2016-05-01,23.81,2065.55,86.75136497270056,1477.4813061819036,0.18743162722145712,,99.1557,1.81,440226.0,247.575,,12624.4,185.3,1205595.0,,295200,4.8
562,2016-06-01,23.97,2083.89,86.93742177722153,1480.650079960324,0.21447132800680446,,99.3456,1.64,436158.0,247.42,,12701.7,187.6,1227897.0,,311200,4.9
563,2016-07-01,24.52,2148.9,87.63866231647636,1492.5930596265455,0.8066037903122547,18775.459,99.5246,1.5,433597.0,247.406,347.0,12720.6,187.7,1224875.0,0.467795777982206,297400,4.8
564,2016-08-01,24.57,2170.95,88.35775335775335,1504.8400550630322,0.8205180479367025,,99.0539,1.56,443918.0,247.479,,12749.8,186.6,1228609.0,,298900,4.9
565,2016-09-01,24.22,2157.69,89.08711808422791,1517.2620238596471,0.8254677136497746,,99.245,1.63,434829.0,247.528,,12806.8,186.9,1237161.0,,314800,5.0
566,2016-10-01,23.57,2143.02,90.92151039456937,1548.5039570279173,2.059099395949837,18968.041,99.3552,1.76,461469.0,247.596,349.0,12828.1,186.7,1248252.0,0.444407556383367,302800,4.9
567,2016-11-01,23.35,2164.99,92.71905781584582,1579.1183769018546,1.9770320724718404,,99.2667,2.14,442198.0,247.525,,12853.6,186.3,1273992.0,,315000,4.7
568,2016-12-01,23.76,2246.63,94.55513468013469,1610.3890000736462,1.9802583282668706,,99.2929,2.49,445811.0,247.53,,12962.9,188.2,1277479.0,,327000,4.7
569,2017-01-01,23.59,2275.12,96.44425604069521,1642.5630355624878,1.9979045738247159,19153.912,99.5659,2.43,447001.0,247.865,352.0,13015.1,190.7,1257424.0,0.718821019772156,315200,4.7
570,2017-02-01,23.68,2329.91,98.3914695945946,1675.7264517915664,2.0190041728122665,,99.4363,2.42,445123.0,248.443,,13034.7,191.6,1279822.0,,298000,4.6
571,2017-03-01,23.6,2366.82,100.28898305084746,1708.0434148817087,1.9285345203921223,,99.1859,2.48,450248.0,248.926,,13089.6,191.5,1277963.0,,321700,4.4
572,2017-04-01,23.24,2359.31,101.51936316695354,1728.9982854087225,1.226834771554386,19322.92,100.3278,2.3,451986.0,249.288,354.0,13127.7,193.0,1273965.0,0.644544946769662,311100,4.5
573,2017-05-01,23.31,2395.35,102.76061776061776,1750.1383615208206,1.2226776793535565,,100.1789,2.3,448086.0,249.686,,13128.7,192.8,1286961.0,,323600,4.4
574,2017-06-01,23.4,2433.99,104.01666666666667,1771.5304027748282,1.22230571732731,,100.1078,2.19,466961.0,249.538,,13176.8,193.6,1277818.0,,315200,4.3
575,2017-07-01,23.36,2454.1,105.0556506849315,1789.2255648612245,0.998863020283447,19558.693,99.9136,2.32,450373.0,250.032,352.0,13198.3,193.5,1275847.0,0.639493442458219,322900,4.3
576,2017-08-01,23.16,2456.22,106.05440414507771,1806.2355515895586,0.9506898997194702,,99.6133,2.21,453992.0,250.249,,13241.0,193.8,1271244.0,,314200,4.4
577,2017-09-01,23.28,2492.84,107.0807560137457,1823.7155727972827,0.9677597804085281,,99.6704,2.2,466658.0,250.678,,13365.1,194.8,1277268.0,,331500,4.2
578,2017-10-01,23.67,2557.0,108.02703844528939,1839.831914060779,0.8837091432397193,19882.965,100.7151,2.36,466004.0,250.919,345.0,13394.8,194.9,1278960.0,1.67488310415863,319500,4.1
579,2017-11-01,23.81,2593.61,108.9294414111718,1855.2009346307025,0.835349167087851,,100.7652,2.35,478454.0,251.045,,13495.7,195.9,1302482.0,,343400,4.2
580,2017-12-01,24.25,2664.34,109.86969072164949,1871.214524501229,0.8631728009405482,,100.5196,2.4,477642.0,251.479,,13601.8,196.3,1310469.0,,343300,4.1
581,2018-01-01,24.97,2789.8,111.72607128554266,1902.8309443832068,1.689620268975034,20143.716,100.1512,2.58,469659.0,251.948,351.0,13620.1,197.9,1341552.0,-0.551374116827297,329600,4.0
582,2018-02-01,23.82,2705.16,113.56675062972292,1934.1799533879332,1.6474931258219527,,101.0804,2.86,474929.0,251.961,,13657.2,199.3,1361790.0,,327200,4.1
583,2018-03-01,23.41,2702.77,115.45365228534814,1966.3161846007476,1.6614912772994206,,101.2387,2.84,483526.0,252.082,,13725.0,199.3,1353943.0,,335400,4.0
584,2018-04-01,22.53,2653.63,117.7820683533067,2005.9719434986614,2.0167539284108527,20492.492,101.9111,2.87,484494.0,252.686,351.0,13809.3,200.3,1360763.0,1.17780587950768,314400,4.0
585,2018-05-01,22.49,2701.49,120.11960871498444,2045.7831002212256,1.9846317816952341,,101.1222,2.98,489859.0,252.706,,13872.1,203.2,1366558.0,,316700,3.8
586,2018-06-01,22.49,2754.35,122.46998666073812,2085.8128966216173,1.9566979703793175,,101.7276,2.91,491414.0,253.068,,13912.9,204.2,1345311.0,,310500,4.0
587,2018-07-01,22.33,2793.64,125.10703090013435,2130.7249688236934,2.1532167278675907,20659.102,101.9494,2.89,483690.0,253.531,354.0,13962.6,204.3,1336182.0,,327500,3.8
588,2018-08-01,22.37,2857.82,127.75234689316048,2175.777919055313,2.114442309111886,,102.1579,2.89,499107.0,253.814,,14014.5,203.4,1334736.0,,321400,3.8
589,2018-09-01,22.25,2901.5,130.40449438202248,2220.94721797371,2.0760068627780237,,102.1361,3.0,496571.0,254.201,,14030.7,203.6,1320624.0,,328300,3.7
590,2018-10-01,21.25,2785.46,131.0804705882353,2232.45991530611,0.5183687950451654,20813.325,101.6586,3.15,490790.0,254.064,355.0,14119.6,204.6,1303690.0,,328300,3.8
591,2018-11-01,20.67,2723.23,131.74794388001933,2243.82779765928,0.5092088003565198,,101.2411,3.12,473094.0,254.686,,14187.8,202.3,1291530.0,,308500,3.8
592,2018-12-01,19.39,2567.31,132.4038164002063,2254.9981047561146,0.4978237237495353,,101.4882,2.83,481244.0,255.529,,14050.6,201.0,1284990.0,,329700,3.9
593,2019-01-01,19.6,2607.39,133.0301020408163,2265.6645112918804,0.4730117738577677,21001.591,100.7316,2.71,490759.0,256.076,355.0,14104.4,199.1,1304435.0,,305400,4.0
594,2019-02-01,20.6,2754.86,133.73106796116505,2277.6028138639704,0.5269227863432535,,100.1606,2.68,483586.0,256.916,,14117.9,199.2,1321909.0,,320800,3.8
595,2019-03-01,20.86,2803.98,134.4189837008629,2289.318855979869,0.5144023376061124,,100.0939,2.57,494863.0,257.285,,14244.4,200.8,1335681.0,,310600,3.8
596,2019-04-01,21.56,2903.8,134.68460111317256,2293.8426437197786,0.19760409206839302,21289.268,99.3145,2.53,492222.0,257.026,358.0,14329.3,202.1,1363556.0,,339000,3.7
597,2019-05-01,21.15,2854.71,134.9744680851064,2298.7794309674096,0.21521908929311717,,99.4229,2.4,478025.0,257.571,,14372.2,201.7,1368688.0,,312700,3.7
598,2019-06-01,21.37,2890.17,135.24426766495085,2303.374446109377,0.19988934475692055,,99.6115,2.07,480142.0,257.707,,14425.7,200.3,1385267.0,,311800,3.6
599,2019-07-01,22.28,2996.11,134.47531418312388,2290.278232636767,-0.5685664132781931,21505.012,99.2139,2.06,486699.0,257.998,360.0,14487.4,200.7,1409115.0,,308300,3.6
600,2019-08-01,21.67,2897.5,133.7101984310106,2277.2473803710022,-0.5689637215283705,,99.7598,1.63,481697.0,258.158,,14536.4,199.2,1419321.0,,327000,3.7
601,2019-09-01,22.44,2982.16,132.89483065953652,2263.3606750679187,-0.6098022297788996,,99.1341,1.7,481257.0,258.74,,14564.7,198.4,1427866.0,,315700,3.5
602,2019-10-01,22.04,2977.68,135.10344827586206,2300.9761205615073,1.6619289142884686,21694.458,98.4399,1.71,486286.0,259.216,362.0,14607.9,198.6,1429754.0,,322400,3.6
603,2019-11-01,22.62,3104.9,137.26348364279397,2337.7641512321247,1.5988010628133154,,99.2558,1.81,470340.0,259.598,,14667.6,199.0,1450239.0,,328000,3.6
604,2019-12-01,22.78,3176.75,139.4534679543459,2375.0622488720624,1.5954602443655208,,99.2449,1.86,478052.0,259.97,,14686.3,199.0,1458485.0,,329500,3.6
605,2020-01-01,24.88,3278.2,131.7604501607717,2244.0407948383713,-5.516548212406402,21481.367,99.0067,1.76,464438.0,260.579,367.0,14769.9,199.3,1486377.0,,328900,3.5
606,2020-02-01,26.42,3277.31,124.0465556396669,2112.6637847316383,-5.854484036516617,,99.0241,1.5,462877.0,261.412,,14785.1,196.7,1501626.0,,331800,3.5
607,2020-03-01,22.8,2652.39,116.33289473684209,1981.2907534284845,-6.21835960139967,,94.7071,0.87,402748.0,262.132,,13762.2,193.1,1507058.0,,328200,4.4
608,2020-04-01,24.97,2761.98,110.61193432118543,1883.8558361773353,-4.917749557077656,19477.444,79.6749,0.66,361862.0,265.702,393.0,12021.8,185.5,1452423.0,,310100,14.8
609,2020-05-01,27.82,2919.61,104.94644140905824,1787.3655980051965,-5.121954468019895,,83.4381,0.67,380125.0,267.473,,13058.1,188.6,1437721.0,,317100,13.3
610,2020-06-01,31.29,3104.66,99.22211569191435,1689.873365574757,-5.4545210302383795,,89.587,0.73,413666.0,268.841,,13889.3,191.2,1435020.0,,341100,11.1
611,2020-07-01,32.44,3207.62,98.87854500616523,1684.0219387331601,-0.34626422078715136,21138.574,93.2777,0.62,438265.0,268.047,384.0,14129.2,193.0,1439617.0,,329800,10.2
612,2020-08-01,34.41,3391.71,98.56756756756758,1678.7256145506306,-0.31450446462197856,,94.6289,0.65,444422.0,268.373,,14270.5,194.3,1455002.0,,325500,8.4
613,2020-09-01,34.27,3365.52,98.20601108841551,1672.567867761929,-0.3668107959590494,,94.5951,0.68,449061.0,268.621,,14481.7,195.5,1459261.0,,344400,7.8
614,2020-10-01,35.3,3418.7,96.84702549575071,1649.4226894795513,-1.383811008718494,21477.597,95.9801,0.79,453094.0,269.164,377.0,14546.0,196.5,1471734.0,,346900,6.9
615,2020-11-01,37.16,3548.99,95.5056512378902,1626.577453658695,-1.3850443531891021,,96.6509,0.87,460424.0,269.15,,14467.3,198.3,1487171.0,,350800,6.7
616,2020-12-01,39.26,3695.31,94.12404482934285,1603.0470153564017,-1.4466226769199064,,97.3233,0.93,468324.0,270.015,,14389.5,200.5,1504188.0,,365300,6.7
617,2021-01-01,40.3,3793.75,94.1377171215881,1603.279871130041,0.014525823098687773,22038.226,98.7911,1.08,479160.0,270.212,373.0,14857.9,204.8,1549793.0,,373200,6.3
618,2021-02-01,41.26,3883.43,94.12094037809015,1602.9941427740134,-0.017821489633396137,,94.9946,1.26,481195.0,270.604,,14699.6,210.6,1533252.0,,362000,6.2
619,2021-03-01,41.54,3910.51,94.13842079922966,1603.2918556165253,0.018572297587859943,,98.2512,1.61,488073.0,270.946,,15458.9,215.0,1548555.0,,359600,6.0
